summonerId,summonerName,leaguePoints,rank,wins,losses,tier
9P1yKrPcvjHb6Npw_8EOTsjk6zcKWybUFFIthMpDt3P_ZFI,JSPARTAN113Mods,0,I,2,12,IRON
ra81j585n9kve-2zXofln9h2IvdUKDKcZuFGrUfg7rPqc38,Audio Soul,23,I,6,14,IRON
ttq9aTHqv01ULVTM_G4GSZyjvLvvxEm92wTiHQZyb2FQYiKv,TSM Real KENCH,7,I,4,6,IRON
91GnLIz3IfH7_ZTkgEL5fkWu3bRsV63iEbKKdDoRo7NucLM,Janna ADC pls,67,I,4,10,IRON
TPFPwJcYbvPtz9pm88_EWkSh1HLc-rD69R0WEqBkZBLduQo,GiantLov3Stick,30,II,5,11,IRON
Ocp6IN6RxGd4OPWgI2JijmmJLAe96bp36pVWpZ1HyW3EiE0,mcfogell,67,II,8,14,IRON
Q8NuX7hFAvv5hVQ1hPMjWLYHvmD-QVcpyknECw58jBZXD0g,GayBBC,69,I,2,11,IRON
utgDP1v1ENHLrS9myNGiVpo-uWNqUHHisrTGmAGjYGMK0kk,legit susu,35,II,20,18,IRON
U1Wbdl1QfHiZVD0mqfr50Kn4A37b-rM1dDJMMQ8F1_LZg6M,GegniKuk,26,I,4,14,IRON
b3ce7PPk1r0ESChY1KY3ufPttZ0VOnyKbl3L4pO93N3NJJA,Jolteon123465,56,I,4,11,IRON
gcAj3SaCvf-Q6n-WCeQvNkt1n2whCjGgUCRVnkmjv0EoMvRS,butbird,0,I,0,10,IRON
817i65xZbANmEdcrV2tIPnJyiTlrS9d6Gojo8ZfL91sW3cg,beatithard,75,III,9,13,IRON
qSRUUJ5yyl5J8II2iT7EKJyUo-WjQ6ex7dlP1JiOL6vD2jSO,jdubs15,75,III,30,69,IRON
rYAflQ-MiJvq38JXqDrLevXpBqOX8WbCMmqkSa40D4b6iVs,CarloVez10,26,I,6,8,IRON
5Mxy038H3NifAxa3VhTSHNhCFR3aoLs1ugsoK42o0Cto0a0,Quokkamole,0,I,7,4,IRON
JskZz-AbSCSU4TL2J4rK6QbHNN3q1R8REs-oEttrH1u9q9PR,RisTyyy,61,I,1,9,IRON
_UEdQf8bu07ddVV_vipdlS9mFT2cpSWwlo96QeYwio974lXO,AmeliaLoli,0,I,0,10,IRON
CA33YTUwW9PbpT2EHhchlpx2_LU-i98M2vy1kXTIdxhllCKQ,Option1010,13,I,6,26,IRON
brC9siei5R2QwcUVyRQjEjCZYzrKaTEwEfPpxn8n3BsPBdA,xXBOPPAYOXx,100,I,13,24,IRON
4kuYZ0A71gcy1OHiKpEDbS5qNz9HQE0AGLhF8511qRhjWXk,goyani,84,I,9,11,IRON
nn49pXIa781_bvQF3o4W017swDsiNN55G92vxIi9m1L4FWg,silent7777,81,I,8,23,IRON
d1mxVD49cbhX03pnakTlw4QXSV7LIekkiSnUsOscSxjZzhXv,Beeeeef Jerky,30,I,2,15,IRON
G2fucCehPunKtnJbQVyoaO3PWgFaDK68FVb-x2kFNQKzO-zF,Tanjiro2k,20,I,7,30,IRON
4YzGcnXrVdULPhMR4LgXbxRk7Cj7_5EG1oJ9mpkw-botCME,traveler125,49,I,5,5,IRON
Dk6v5EF1b-fSL0rCnxZD-O7FDvz572tACVNOTBj7eSYYclE,thesoulcrusher66,64,IV,224,213,GOLD
UnYV1UFLkCcfFLb7G9ww2aSkRKG8oczUm9k_9fiT5VgmQ1w,Noxyde,0,IV,34,27,GOLD
lniHIyMcvOcGXyQckmgo6kTp555wpljqNbH4qjj_jiCy3AQ,TehTrueKiwi,5,IV,41,46,GOLD
dqMoiKdMHZCVwEa-5Mp9ALBnb-kZkeQFhhypxfYd4j31RO7I,BLM Sidiki,31,IV,54,42,GOLD
YocqyMUTQPBbzHQs7h2tLXbJ6XffJlHPj0FmE8brL23BGe0,Hyper Funkey,58,IV,91,77,GOLD
BRbAwYep1neW0Zv85cnXCc25UL_Z5xOKa85oGev_Pxhm0ZI,Kick U Hard,83,IV,271,244,GOLD
OHAIn5Jmj1RRFy2keVnwghS66-neWGOh9PQZpCwJB7Y7xic,Mikasa Touka,57,IV,490,489,GOLD
JiSA631nJDaeBCmSTxW6O40RgYaaN7qxlzwSM4_jhIsKuEY,Yamaraja00,17,II,143,114,GOLD
BeggFHiUimIsIIEk_IPPF_aACLBLd0B8rJ4cScSkGdQ2kVk,JiaLiAo,49,IV,117,104,GOLD
eVFfhY1YrCi3AdluhminSiWI9YMbqdFILfhEmNgqXjU_imM,Woli97,18,IV,366,373,GOLD
iieQ-HbSDqLYrygl9m_GjoYX91Kx4xv_kJYVPqhOwVyw8M8,Sukuna Incarnate,75,IV,143,137,GOLD
aOuePzvtHQlTRy2a6YTGGFwdAqBrwVO8JhmxQvZLXNjCwI7I,doomXII,28,III,21,49,GOLD
whP_a-ce60xcVYIHZMi5DkyJCI79KSZ9_aAIBtJ4fMIQoHg,Armegardeon,0,IV,421,440,GOLD
YqMVyWnz9uDeqGJtFxPSXuDAjGncU2wUwMcFkzXxAkrV0IY,ChadMeat,24,III,151,141,GOLD
BhbZ_T_LwO-v8gwqd77pIOveHzHvPx3XqUBXLcdx2lxxPTY,hockeyroll,2,IV,433,451,GOLD
UdgnZWkaHK7rdhSSkaGOU9s7JKTVK0Baedc1AYqBvlozBho,VØN,49,II,306,310,GOLD
WGfvAl3g47hGFhx0F9E_PpbVAKFf_Etbe189NsV0B5EZLf8,Rÿuji,41,IV,157,152,GOLD
DJtx38MmrDrH9_PhWBYQuHhCb_PyCLCPrcKFGm-aoSWMY9o,Dockymocky,9,III,63,28,GOLD
gb55V2lqgEBrZGyqSRJMmO8cbDu2JfA9y6Jws8ZvQfQc1v8,Erow0,82,IV,215,191,GOLD
Y9OofrXnA6-67uTq-LOcxqwBbWO3k5usd8aToOdsrEWfbsxs,thesoulcrusher29,14,III,91,80,GOLD
luOjcjSLnuOrRukY2aByjhzCXIBrJUxpO9V4UHR8wapiTA_v,HeavenB22B,31,IV,144,153,GOLD
5lV15ey4rNIHf3-J-_yd0VWkRysBQObaGTVH4ikKKkuTHnsj,tXeSlYKevin,30,IV,366,371,GOLD
ZT4A6e2kThMWTKxOgj19MhrzTLHj2a7G-2a0cInhp3UL2vch,Ourraith,75,II,94,78,GOLD
Pb69UMlCAU4abMUAfDPprTwKLGRTrf4WPBmFoAV3mNreHwQ,xTrueMatrix,0,IV,253,266,GOLD
bi42IZz29gExfRatjg6ikrMq-fkQ6OEr4Q92LXYZJ9L28ow,Socially Unable,65,II,400,403,GOLD
oN2RtC6hGOF0uKgt38ffmrIueApE03s3EKYO9ffRjlurXGY,HAMxisxSLICED,42,III,217,211,GOLD
Ujq2gtbsYq0XgXT0GXCcRww47A8jnR7GsO5krhHqX1gR-xQ,Tae Kim,1,III,127,111,GOLD
QdC3Z9l4KVwNXgSjVzqXbk4fPgwDf5_WtElXotZ05J1DgbM,Chase The God,30,II,87,75,GOLD
OWRtZP1lQgmQK3aL326xar8Cgg9XRXNacwYgNn9mFP0_3nQ,TheLadyBear,34,IV,400,397,GOLD
mFe-ozvOiYZcFGF4s5BtcHBXHeU9EZhNsywBs-DMaZtKlg0,Eblade16,0,IV,286,276,GOLD
3M4XRpwgSlIxOhvSMkSC2yvmug9bpScTbFoKMIjzNSQdEH4,Balian Buschbaum,41,III,114,101,GOLD
MCVnmJ2-4UTz9HrcSTKWKrukEyBAT_-OdNUuEdNZwCg5WDrT,WhyZoD,0,IV,198,181,GOLD
2pP7JAD_fXybaU51mDanTHJpeVN9Q0e091Pm0COAfneIbM3q,Lord Grim HehexD,52,IV,47,40,GOLD
W-JdGyr9LqF8IhV4mROn7SdZXIlktawxe7me7WhmT0wTPmK9,Zer01010,64,III,371,354,GOLD
ztpt65s9kASXI3WpcFgjQVEEYFIAQCcDTRfAX9qjmQWQRXc,Danness,18,III,807,829,GOLD
DlfxjyISdSkA1Wh_QrUTJACaEXakmObpG0BXJpbCy4-PHL4,SquilliamNye,23,IV,314,315,GOLD
ljo-5kuDm47ooNpAd5frR-RV2sGQ9IA79Rb_McjQ0CvT3cc,WèArèFarmèrs,0,III,490,469,GOLD
CDAbbgBfixIiPPGJmYnVXySxf6H1d7iI6DTnuKOK8XYZbIY,sinyxter,58,IV,18,20,GOLD
tq_MeX2JBV6VuriAP3C3pMFiodRtGJStKqfThKlmCCwHD70,ShandeG,19,IV,148,152,GOLD
eyO01z_mDZmuSRzU0wBhmjs5PGTCzSGUxhqykR3CMjGkN04,Shade55555,0,III,300,285,GOLD
84JYQjc8XLwY_DTV8-MEaFR2R4Q9u_gY4v4F5J4Z3UXKwms,OofIsAlreadyUsed,75,II,210,190,GOLD
17KPZdUUazEqafIgpMWDg5sp9Ju-auoVFuW5tYCRgg6DFNE,MudH0rse,63,IV,66,58,GOLD
boFD9XNXw_CDkLrvH3FaJUplgHM0AVSMQLeKxe7EZ1bGLCY,GGaGGoong,0,IV,58,47,GOLD
XYouJ3cnuB0DGQRKfpluxJP6UFg-4jW5pZYDW8nDqkJ6rC0,Shark Tank,13,IV,59,57,GOLD
4ugYkRiqIfndnRsEnM-Ukf2AHXaQx9Gs1IW5tn7vpvxaGrk,Dont Fight Bruh,80,IV,48,55,GOLD
EKG0zVwEFpOWq0UtsoFwUiezTc-5XS9WuGZVQ_-chyMcZ7s,Felixiou,100,III,57,33,GOLD
fLe2iEXAV0X6VqCQh0aVD75AQRP8JDDEX3alKkgkKNWOSE0,TheRealIdriss,0,II,75,44,GOLD
YZYPZBn5v8_J8Us-qmLJY5CjHuWAC2o8jGqUNbnVU78by5o,MyMaceUrFace,64,IV,485,505,GOLD
yzb2qHy8YHm0l4mpAMZ-uInCrH27D07pQwsIUlRO4xcCTLY,IJustinfy,22,III,188,188,GOLD
r31fghbh7WyVHPciDV9yagBiaRttwpZCi7bpfChXIsePVQ0,StrongPotato,75,IV,588,596,GOLD
RkovzFyXF3MUHrKsf5bte5X_EtHc-nPLIxAmp2KXY3o1-Zs,Dreåm Fawn,17,IV,37,37,GOLD
uiBnu6mFll4rlO-bvby9ChBOQnn5e-RqeW7gi7XnEWX05T0,KacaKuru,75,III,83,51,GOLD
rcH4r24UpsMllA0xMLRMzuSEr8UQUWmbAu_uA9U8qWNvYI0,Steinuh,0,IV,226,215,GOLD
2TKmdtSb7PY1c5cpAW3LYYv_1C-wlOzo6vevvzxl_f2TUE0,Baby Cherry,0,IV,51,39,GOLD
nv77jgDBXGo1ZvKosmsW3g3FhbYggNzgcKB_FWNodc8peBop,oskrrrrrrr,13,III,134,122,GOLD
MsZ_Pkd7p664yirv9SP2IhTQATKWWcOACRJsMY8xJY6aQKA,Baby Peach,11,III,67,54,GOLD
A71RKGCI_7aCgXBvtkg_ndU5Wq0LNl7iGdaWhlx-gGevH1Q,Shes my wife,6,IV,49,51,GOLD
Z92zKVGILEpNWbJeoozjmTJ803ZwopCNLzsTPEP1-uGtVqY,QsT Aner,12,III,491,485,GOLD
c1sHPi_yPIWAYfSbmqnjjxLf2iTF7YO0IGqTG72u5Y-pKEU,Unitus,0,IV,24,7,GOLD
MFLl4KbVrsZ-infsPzKvGXukBqCH_53TlVfyJbd4CD3cUGI,Spearin All Day,98,IV,8,11,GOLD
LFMfWHESzAVZ4f176zx8TD3KwQMxCSM5d7Sa13z6QdkxqG4,kparkelem1,14,I,422,442,GOLD
JNIpA55PtvkzY8OSu7uwfwXpWj-dMmwu0qRIDaTM49My6zE,ChickenwingLi,48,IV,24,4,GOLD
Z_6gh4yfbxYWp0nVlSMBqye-MZHrJ6r9-kXLe8pyNSo5ovM,79,0,IV,28,30,GOLD
eK_QmGz9AFWp6FjiCW-AxyWCN5gV_U1vEZo8yETX_OloP34,blackoutbrendo,0,II,146,112,GOLD
-94KqFexj4eIZ21oOBjacL3yWxXSWRF7Z_ldS-wTyTfjzuk,Lexylovesyou,23,III,47,33,GOLD
9N_2u8J4G7g2JWupbquk1CkH8wUOaerV4sl3wBGd53XoHa0,Noct Even Close,97,III,515,508,GOLD
#NAME?,SaltyPie,18,IV,14,2,GOLD
4IMO4Q9RbGYU7_Uv1WLRR2Al0VnMmB0In8K-WJIvUPBWnYA,MooseDelori,95,IV,314,307,GOLD
y5HKKIrzvger35lMjykztNy_pp7OLgyAngH8XGF47rT4mbc,DisturbedPandaRB,39,IV,143,137,GOLD
FnhfG_WU24v4Wit4CsADY9hVNnFIJWztbI9Kxe11WNCei8M,Hide on Broosh,0,III,416,386,GOLD
l_vx6JH7HkHO-IIE4Zh63YsHRW8SKKOGsZHBzqhaWTlWAH4,JustKiddinh,19,III,50,42,GOLD
dAEl3JEeX2qGtJUzMoW4J5venmgZp_owASoT-aX8xIUoQG8,98630625,49,III,113,107,GOLD
IqUecUFocByejBY_0R_fQVPStaXmt4S-0mxfXYLKlVxfT_g,All Frag No Lag,63,IV,391,398,GOLD
EwNQfInolDk9MGNuFwnAebX-2SnIB4rdJ-QESZeWX99N0Cp4,Z0oZeuso0Z,16,IV,29,20,GOLD
eDcq9WhjyfXUhYviU2JRM-kpacheztS5VkVEM4551AIFnHg,Arc Hollow,34,II,71,61,GOLD
b_09lw2rhroJGsHzwuytbI3wvoXNPWsNYghJHAk2C0fN8ifi,VeromcaeBs,23,I,262,244,GOLD
rENgsw7hQNm-g4ezTbs_NEoM_kwPksgrnQen_vMKB0cpV7c,The dank ghost,17,II,434,481,GOLD
a0PIaTTfFAoBsNnzg5E5ibQvUFRBTDUGWptNSPnenJDdYX8,FugglyPuppy,66,IV,102,103,GOLD
PeO4IXQFs-UkyjRQn0AICirZCrHGYJDdiJiMGVm1iDGkptU,KillerSpy123,80,II,83,72,GOLD
PCV34wvdkfyO3g_m706qWM2m56KkbxlHKOItB0dvhGAJ7cU,Peepers34,67,III,74,54,GOLD
oJe3xAdqYaWS48hsRdG3YRWMC0VhbB-KWatzsPCU33LaxyE,Emokid13,22,IV,185,167,GOLD
HQTR3L42a-RvZz_Wla5zraV6-AeP5uj6vvqQVIc-QXJsMzk,Dahbix,26,IV,337,353,GOLD
q4E7O-w2TNFr3pSVHy5ANXLq8mA20VUVaj8TvOhg4JJOSCo,InternetXplorer,8,IV,102,101,GOLD
_HgyEx2JowcJ1FdtuOZLNHikMHKR82Z9b4QXLpAgg1JheX8,AbuseTheMeta,98,III,10,12,GOLD
_yboi0eF3mQ3YMxaTLGMh3IqdogbyXXl-oosZ7CJOb24Kb8,GAWD HARAMBE,86,III,50,51,GOLD
FTBvwrpUw0zZvzcXSjP9vzYg22pMWO0CRCRZw7C2FIb9IgSp,Daddy Beardo ,61,IV,66,64,GOLD
OtO8cZ_tr5tpz-q0LfqyqCSO5N3QU2grK9yvIbfBCllAHhE,hei little girl,17,III,33,32,GOLD
f2KT1nBzl1V51wOWQmhf1oyMdWeGKr5kbmmUL2fIEO3kZfA,NeighborHarry,42,II,136,122,GOLD
b3cmXowkVPx7ooG-FtdGuUxRgK7seOdxrsm_5DvaWbqPWNw,Shoopdiesel,35,III,104,93,GOLD
-8VXSkZp_alX8_kXn4qdRax8t08ODyk9uHUuw93HbMLo9iY,Yao Lan Fan,0,II,48,20,GOLD
TeE4llihKEolUyTYdj-FGPaMkLE66PVlrdzq2uTZeyg_EME,Homer,37,III,114,106,GOLD
eauumjWayMmGaRZ59PenfJrzxde6BBWjj6vCrCqBtUgXlQgv,Wood IV Supp,0,II,91,81,GOLD
UMjVLMCa63ESAd1yULaWCwDD-9FF894pmiAmMH3xhkQM9xtW,Yummy10InchC0cks,0,II,104,104,GOLD
4-PyR_sVx-1iTyu9N2l4AOCb9Mb8uPN35qywc9DE0j1Ya-M,1UPjay,21,III,113,87,GOLD
K5BaOzI_dNa3uZ2eX91TorGglo7jd2qzCjaKSORhFegFXCK3,HeddapZ,21,III,45,38,GOLD
kuHu_GTPzFv52W1T3LEReS6SSzCWXoS4Z9ZUFS5Qq8BqnIA,aldrinibanini,53,IV,171,152,GOLD
m8K40ravnwpk2yaIlN3DgoYClUfFVWHR0yHOrqWIHrojo-A,Daisuki Oppai,0,IV,35,34,GOLD
HirayZsLKsRVXUxqYYaywMQn0Gen5aeZCVOfORYEW1L-rlw6,Sidiki,14,III,463,436,GOLD
EW_Hd4_71aJfckY9R_OgTqS-9f-Unm9m8stR4Hq0X29CMCE,GanusLanus,0,IV,150,143,GOLD
AyKFqOVj6MEFdwIsekxDtzBl8SN5XMG_1zbGEKOW49dLQXk,Magmascope,63,IV,232,224,GOLD
TWhpbFoYADKAJj0XT1hURLMWwrbir0oRxrJI6fvuSSrWsu8,CampioneXero,75,IV,95,93,GOLD
iPysOHsw3jDNdGAFNrNOI4fTazrcPzcUKtIQ4J9py8YdAe8,Yes I Like Food,8,IV,73,74,GOLD
LSaxeGSLvvX543BaBHpBwWs6fObq2QRpvkSy3XegcxGDXNdN,Gothvampire,0,II,4,13,GOLD
ROfh9BJzss84vVfWvtq9TctlO4A8KxYIEXq2PtTBlZXg_D0,Dis Molly,100,II,33,35,GOLD
mYD4Lohdl3w1R04mSIgocw9ML9oKPXrW3sY0fsDmJPqh_hA,jElizaga,19,IV,317,321,GOLD
QVFWYh5qwh6IpZUKbWjGvLrwfCmdrLhd1pXAx8hTnIBpkNs8,DinoBiscuitsNTea,15,II,292,286,GOLD
ooZhyThfT1MKhPnsrSycKANLydM7jHxEF9KubAV8LeAzt5k,RDLegend,0,IV,739,783,GOLD
B6NR1AGM0ieiuwKRKieqPUPCYrA9dBIGztrNxAUBl-oyUEE,ThePathToDecay,2,IV,92,96,GOLD
E_9accumBbs_gLJ8weqck9Ojp1-GHAZ-T6uVNQlLY4O0x3Y,SiLeence,58,IV,24,13,GOLD
qZe7jdR2mtKS4yHBfdLERLCejJpEJkN6qkCLjr_nGhspbGAu,Qwangy,25,IV,108,118,GOLD
UQZRMfOROnSenzfQSSb4s-QqgjzovLiT7vjA_7zKXwH77-o,TEŚT,13,IV,900,915,GOLD
19O9hWFln5Y0C8CT-1wz5JA6P0FR17U3qZPkyO2xGzfFc-8,Rekthim,46,IV,26,29,GOLD
4VseKtbcOdfoJlDCTadldE8LVmmhBUmHwmSheFYK2kkZcAE,QsT Ratzu98,0,IV,217,220,GOLD
QZJnnC5jQR25-tbRUwX7xg59wbUMXs2Wuh1p6HIe2x0Oy4A,Barcovan,0,IV,511,540,GOLD
TEOyJHWfwz8XTVQ1KIkFYZvQHgkaPJTEdI1UvHUeMk3Y32E,Partizanfan,31,IV,341,356,GOLD
919dpFRqxwUmzXMXvL1MSlQbvZbf0LyULJ70rsJhuR6GUB6j,BarbarawCvI,62,IV,60,56,GOLD
k3hgwSMz0Q_aLY53S2vNl525W0N_YzRnBm0sD7-QOOe39lIr,A Mid Booster,77,III,53,41,GOLD
IRYScliJLiViq4H1vkSjMk6x0kmRKxYRXYNa0SMAM0PY6Sk,CrimsonAlchemist,0,III,79,65,GOLD
IIoZrR6f9HI1XcUOCn-pGaoCs8pPDCQC5NrkdKQYxK20Bss,nadafa,0,IV,51,49,GOLD
2OmefXIOZfoXdD-JPFP4q4EJkUffEwE72930wkHVHlt3Slw,Hyper Funky,12,III,107,85,GOLD
qH6gkjdgqVAipTleXB8T-uuH02ccRS-Rt3v8H19VhflQn7s,ChovyMaker9,22,III,59,74,GOLD
IaTSS16kTaSH2EbzJJZGQDFKhMqoS5NlrRgMyacrmfWRGnU,DarkVenator,12,IV,2,9,GOLD
cNbP2cUQ8zH2qnr4D70TDgFxLhxOePJgWq3x3rVgQHOxo3w,TheDarkestOneB,39,I,673,610,GOLD
pSsluvehbk09WMgQNaXM5i3-UNP3MMy5WCOrvfQ2Wr6iWG4,amazinpiderman,35,I,128,111,GOLD
1aRd9OWiFGKdrGDO9yLiVMHB0hNLE5QsHT3h2XCVz6qd_9ae,big corndog,24,IV,41,27,GOLD
1JnavwUdh_2mabCTx0u9dTxLZreJgGSnUNdwXrsFe3gShWg,melineous,51,III,68,59,GOLD
EbL3IXOGzEFyvdRKOoeuv_Eem_hqjNmGO0tTjvC6ZrktPdDI,Furian1,66,II,60,43,GOLD
w8C542Kt8a2iV_z_15AVLxPCnOaJQxJSvMCzqSjFpWrbL7A,espiR0,0,IV,174,172,GOLD
1AfPI0LDJoVSdq3saUel6FNhprJCzAa4vG-BXUcaNw30aTU,Eekagus,84,IV,150,136,GOLD
#NAME?,Sir Ralph Nader,51,IV,25,26,GOLD
9Oo1HSwALjSg9Pd8pb9-Us6NN1SPn6_nelUqBptYH4S-_sA,Harobot,39,III,303,280,GOLD
iXSJ-57IytKfYaVF_OcOSV-U9oHOyw0gJd5_90v-gqY5BjLQ,TSM SquirtleLift,23,IV,43,56,GOLD
LpJ0MLgevvFTsYXlcBks1kfsqSKRrUcF5aP0R6LDbEo0Jgc,Stormsong,0,IV,50,46,GOLD
-EzCIBs-6ulb_GeZtALY0Xby7Tz3zXZfOqx5UKWUzfyr3NJC,Will Troll This ,0,IV,119,128,GOLD
iju0_rlcLRDXbwWOqTzZHmlWpCMv9vPPB1wx0VS-WMTp1c1x,Papi Zeebz,75,II,35,24,GOLD
6UxSAxYYGcqUUreWOIV3RNP424i3FBwd48kDEf9WVFpwvVhM,aGbJeff,2,IV,234,234,GOLD
NKpF48uS8U2K33IWOmsYoe4rTwrCnRIBcHWn_AJ0Ff_EoHw,CHUPIFORTHEWIN,34,IV,160,164,GOLD
2LwsbCicERPCD_oiEVP_EVDlfyraBC5WGBNUAJWnKIKupOU,stoges,0,III,158,151,GOLD
FoyGRceVri1c6n9Bb-WO8FON4xhYxx6f-HgddqqcXto_R7o,S WSBG H,0,I,129,131,GOLD
ik6Xcmc2gt3FJGRTfHaHjZ92n85mB4Pc8hM_pIh4qUTcoDQ,ThirstyTurtle,0,II,18,27,GOLD
HvJ2J08Sk1yK4cDqLbYTa4em8wqH3DdxGDU8FgLzcjOEhzw,Ravyns Pocket,0,IV,49,31,GOLD
kG50aKIrixXkfH7lPYMi_j-n7ppJxl-m-5O0KbsuhFRo_wQ,YJ5,37,IV,159,150,GOLD
7CZR-lYIzvtLrp5ixF31143het3X_wSG0_l3UD8r6zwQoNU,chakalx2,52,IV,161,182,GOLD
fPW1dcCZjN-6cjJgAX2JwgniJ5c8rXpqViImVjAUd85Ddew,Chris the Autist,0,IV,28,33,GOLD
xKQ7pYuNVLl0LqkXj1ovX_Pr1zCXyUk0jwjPNx4X45Ms1fs,ViKingVN,88,III,100,88,GOLD
3ZuYUZJDl_nhjv0778YrPpQh4CDbsIZYndoFOjQmIxxdSM0,Kench Touch This,27,III,173,152,GOLD
ENaG1CFbcTTpDauU2bLjUdQi_FlT2DoJUI5m310bbVb6mOZn,pezAMeroy,66,II,115,111,GOLD
l3SLb0fde-bk8KU9Gc-xpenpEkRQQZ6sXIWqzLyDVm4-7gSR,Ofthedin,34,I,38,24,GOLD
slm41Q3hz25hshS1NZ2bonCqyJuk-gf7OhV_lwJmXSlNDV4,FeederCarry,8,III,609,622,GOLD
N-BilWfqBD9Yrkn5k6c1s4RqstYSdPeivh_kG-Ht2qBl9ps,a toxic jungler,68,IV,52,51,GOLD
rJebt1D1LhtTyBedMd4Q9baTq-M3YddMCk9GQoXLvHo2DKA,thunderranger34,76,IV,159,147,GOLD
Xm6Lhtx7mTErPRMZ1357BqXbuBWdrJSuM4EGn5sh3LmKgkw,dahking95,0,IV,39,42,GOLD
wwNTuq3xQzin7zsnJB11rFFrQ498jwl8OeDwrkOdBAKxw_0,Beom1020,0,IV,132,150,GOLD
OmDWI0P5zqjHAcKA4FBEpY06dRANVobGTCpAjwlYyOR_WHE,DeusZoid,60,IV,455,484,GOLD
Od_HnWkjv4jCe-s7W6EqxvSX1JH-CyqyCugdEDlzbf5vdt4,MaddBuddha,67,II,81,81,GOLD
qvAUu8ZQOtrQKkfIRzDmKpgDVXfisJQktcv2fv_Wul1BxIE,Kaýle,6,I,14,22,GOLD
EyzJpsY-vvUJxx3NkbDdmvnuSyhKYRYw1_LkmkHmyMH3EFQ,VipDip,25,IV,283,288,GOLD
YYlDDwEVaZSMMgZirNBR4xIOLRQXynQIhc5XEAalFbMKVkg,Shizei,100,IV,167,170,GOLD
jGorTywYQ5qV7uTRXzYa4A6xB2f2HUmeyvkRYf5u8qL4IFjM,Cheech My Bong,84,IV,168,177,GOLD
JXJJzoLvUZdLRuq8eu0js161nZ9GfquqSkni0xn6Mn4h93Q,Sweaty Elmo,18,IV,153,135,GOLD
DrWhPdPVmlguISvKBB3EmjRgBVMxHddr23CFUHHS0zo7ZIY,kiritooxx,54,IV,6,6,GOLD
qJuH73qrVlHcnWWU3abNnHMlSaLcpTcrHb23t1NMib-FCsgf,PagepWrR,80,III,65,59,GOLD
FxYRA2_GuBcy9YrhxmMjAFdF1GKRiVJgysQMAUyni6dFUpk,Joyful Madman,24,IV,211,227,GOLD
MwHlb8eR5x7zAKJmq9sc3rES-qPJK_GpOLtxMxpyGMSPTJM,Helproz,20,IV,116,109,GOLD
LPBR_H5p4zg7VBT2-cUBrwJHu74QKKoHKGa28WEP4qi3CgI,Acquisition,61,III,271,263,GOLD
abw5UGJau4TRvAM-BusXO13S8TtcRRfZpzW27kvNTHc6NfY,Poigze,19,IV,85,70,GOLD
dg5uvobWAWSnz50HlRqCKiPp9Kjn2CDLedo6PQnH_2pkZIg,cp3toBG,23,II,43,28,GOLD
xtWcNiWus1cTYwzeomUgBiHpT_N_Jxbo8v15VVgeeX-7lBk,télévision,43,IV,82,76,GOLD
qJjThtqnGYU-ZIo23nJaXIN7WkOXj0Of2Xgg3X86nX8uzD0,Hardcox,28,II,146,129,GOLD
APcxVUZ3Xo1-GCdN196bXJuAExWZb7y8Wt4sd3cRDkEFrIU,Tweekus,4,IV,60,63,GOLD
RjLCGseh8qdFxgRKZJZCzMNnx7-SnJSmxxn4HIPTxcov2Tjy,youvegotgnomed,64,I,148,86,GOLD
DWq2eQyfmOK3JXS1Be41pacazCEsGufEYa14L9iN6CxzQvE,Röthbert,0,IV,48,36,GOLD
uqrvqVblNrND1qaeKckUzFFJpUda0PCZwpQvGNSYBYw1IvQ,Tofu Eggrolls,0,II,136,137,GOLD
F-S7sti9cT9pR6XmQD4R5QxQ71UEv4fiKGEwmUNerV4pkGI,threemillionjuze,10,II,633,658,GOLD
hN7pjsaCHMYelZSyQsoC964nysiYPaOS-CNaVJd_7Ps72qik,r1 your mom,37,III,98,111,GOLD
VNBGLT3zkpDAj42zLM4pVfx28gOtCKlArb3rDzITLYc1mG8,GATS mo to,35,IV,298,297,GOLD
Af8_2L9R7kAvA_Hop9sLhjIKZicK-5efDYF9npCLe3i3uGw,Big2nuts,97,IV,10,8,GOLD
z9pyiNSRSc5KrcXvPcAu2l1lhPC6JDdQjQ1kGgKYoyDD364,alex1feu1777,56,III,105,75,GOLD
W1zt9wfZK1OwNYkaGi7mgNhBBEhuWahN1h73nd3ahvzeaao,HaHaHa233,13,II,233,232,GOLD
5wZMMw1vpQIay4YYTsfPBikm5M1BUbWM986FHEaPnBikoCI,Mr Breadstix,13,IV,56,54,GOLD
TbdS_OS9UcG_1KMFkKbaS6ElB1mocNWtrTws3jXdPaaATOE,cr1ngy,10,IV,77,65,GOLD
pIy86CfMllEpG0pvB2ANzT8VWbvQtgiX8BYLf-yzAiv_ozE,Vuff20,40,IV,670,674,GOLD
nWdiIxtHEoC0reIdMGJTbQ5v2nmNn4UfiAfUO0bwl6l8d5Hn,yikw,49,II,93,54,GOLD
Q4Q0o9Omt-ux8O5aep_kj_t4o_QCKNxcFkUKWnrRJ8t4QnY,Hawaiian Couple,62,II,17,5,GOLD
lgseIuPUPqx1sDJzqF5okt9oy6SVbxVHEdODXn-6KPftW8U,Just Mean,0,IV,38,32,GOLD
4u64b5tFHr-4SWENRrX2ZamN1kULPUVBXZr9OWUnVG5Lf7M,Schwick,10,IV,90,77,GOLD
ZBLPUCC5Q6hiVUxERpVzpo2kwahua7VIndYJarRm3f4PXjcb,Yoon In Gyi,41,III,60,55,GOLD
kxzbvzqMNNbqRCn8FdNFr3HdPVQBUUL8K4K4Njicdruj7CI,FeedtheFwame,32,IV,222,199,GOLD
oZWpZAOAigjEz1Mvi83IsX1ZcGalBmgGgdOyUM0AcMxvBiE,CL1NT,0,IV,233,220,GOLD
UjD4IeqmkIC5vIm-C52gIlnLs0z9dSGpYJW3fC8W9QrK4m4,wwwwwwwhhhhhhhh,94,I,85,63,GOLD
BDJZ2VINbWqkUn6Z-tSuvqRKM-wI8knVX8vkdm8qTwioLVWv,XerathGonnaWin,28,IV,64,71,GOLD
Yuw2xuBhTXUmnqP5E66Dryhyhz7uaXAD5jRicjlxsRtwqUo,TheFencekeeper,48,I,60,33,GOLD
7i0ag7mZ0LSTu1ZmBpsJIwXjxg4zrej4mAei4XRaTLQ0JQE,Oh Wow Nerf Pls,18,II,182,201,GOLD
044WL0z307q3CFQuHOz9q094WYG2NwJ2TypFgt4ocfsC,v3rmilions,66,IV,214,211,GOLD
t6wapTAy3rOKv-tEA1A3WUuBxv1SoZq8fKwfmjP7mzgaQc8,Man of Academia,59,III,141,132,GOLD
2Q9JXFAdx8ijMi4rKjPlNBSyERQcAs9EKcTxSS7vAcZK-thd,Dinozt,39,III,63,52,GOLD
IcGNkq7M4RikWSDqPHOz7YAvm-NI9YhWqE5rnJf8oFbEnxc,DahMySocks,22,IV,162,161,GOLD
euYwQhSt9DbHirhYJ_YRs3vcLsofD38jVASqQVaXOge0tuw,Tain,10,IV,32,23,GOLD
lXx7F6MV_gwL5N8g08ZTMPi_jYfAXVMB-sHM8WogsHmZ23g,HenryK1,59,IV,150,132,GOLD
UbMz7qSIQdOqXdcofSZQxNloVGx8WZQY1YzCQXR34mEqG-U,SmokinSkrilla,39,II,178,206,SILVER
1ohlqIcqx0gZ2tGHLApMd6YZ7rbaePQBA_BbgL1c_RKB8CQ,riordan3,4,III,90,83,SILVER
C1cL0u6vIp_fTmxis7BcWJKmhgGZgxbo-u-kza3PtmKvCZo,Mute Me Please,16,III,48,39,SILVER
7FLJ0jN193fkK8ou_yhpLGO8zhdw0wQ87KZ1JV_lerUTbPs,Śean The Śheep,25,I,30,16,SILVER
w6PycQ-N0RJzVYie0kRjT5-T2ENlLURWgwyjpVSyHor88lI,OBI GNAR KENOBI,75,II,170,194,SILVER
eb9fXptaKaK42yYVJwKJxyGHr9lqLShFErW2BX2AV3NwtjU,Newfieland,74,II,22,19,SILVER
RwpidkHVmzbzkz4CloB9FK5ZM7OiayJvhPkQyv-VHoiDw_0,KenneG03,47,II,247,233,SILVER
0yjV8cl1_Y08I9ten3822opiu-H4evin2VYy35_iBLIuRJM,Shane is DUMB,0,I,9,10,SILVER
#NAME?,LilSlothBuddy,94,II,49,43,SILVER
-aMw0az0FV8yU6S_PqWKocYlnOXS4-1LtWmuQy6QSwyr5QY,Kítty uwu,100,I,70,70,SILVER
rzIV_U3TmKvZEyKWjA0c3H7NOEiSI9m6K3ZaVIjmIQlB8N8,ExaltedChampi0n,53,II,118,104,SILVER
D6RSdi5gz96JZr1kxuhcaYfe9C9W-G0z2iib_iKFoympm2Zn,GilljMeEuX,100,III,14,13,SILVER
ZK4XAzV42Y2TSXGTrzA1YyqavZN5AMASnuEpEp_P4tXynGk,HI IAm Sorry,0,I,121,121,SILVER
L9WOzuyoYl8Z-rePAkPz2bOXCEvY_9I6mq1Sy2AZsTcEHs0,ltsBryan,42,III,115,126,SILVER
mCJXjyhJHB0NQnqA4AMHosrkgU-f_BQ2mtA6gX6sG5Pgfz4,ChiefBvrcleaver,73,III,32,50,SILVER
5U51yVpjzafeRmX7pF4WVCHISrUrj9fITnV04zP0ZSVSczw,SikLick,0,III,45,39,SILVER
tdP5BI-0rGJ15ryCcQ_esHHY-jvrz4wkDb-dl9xtq9R3hs8,HardStuck Tilted,60,III,65,78,SILVER
z5-xyQZvzoTrFwUCrY5qjGquT6gsBPq4GXEkMJs6F6yhAws,RyanReynoldsDad,0,II,44,52,SILVER
ZFrbXnrCXvenOsSoWX_j6cu5DaH8LGrKruNBfhBD72hfsy0,PoppyTartz,60,I,107,111,SILVER
HenYZbiVBckQ3oBYmpEkPSI-S61-bXLkcIKkkPicqyMNFfE,trae1213,39,II,72,52,SILVER
RBkk2aFZbyP5tBoTEyuh09KSsA52n9E_NWrrQFK6P144LOo,Raiuza,29,II,128,125,SILVER
J8122AZ5r8UKpHusD9OILmC5X8OUIVZoshvft3GCdaRNRnk,Dinnus,13,IV,50,39,SILVER
m0gxVaWKETzlrul20ItPegappssAqcz_DtZxR9z4hECj5Lg,ProfessorHam,59,III,148,143,SILVER
i-KcSvI3B0GzxKSZb2lGJnfpkDMh9K97DrS0ebOjT86FoeI,Frank Sinatra,24,III,12,11,SILVER
jMQ5rb2J0VPJqncuALmsI09nekcJZMAIThR2PLPkAormYY0,ychosen,28,III,126,131,SILVER
BvXbTSxRS8m9OiPIqsUN3C9DzKxKFWzMoI9g-fVwvtj9hDC2,itching2reform,7,IV,23,33,SILVER
1cX1hT780qWMzgZny542yBLql1OVMCU6AUCDx4CezP3HiIo,AlphaKateDash,40,IV,87,94,SILVER
yACau5eUZ2-KsruwlNLPXqM3TiEhoVUdlwf0C3iBjGmpimU,CentsitiveHam,0,IV,115,118,SILVER
hLqtQB-ODtL0MOTil1Y2YACylo7VcSr3ghZREXlKUTBr1gg,Trugod,0,I,85,85,SILVER
TtHT2DwPqn4UiE94hNd9FBGMphwyy6i-3rG167iMk8nMY9cS,Articunian,84,IV,668,661,SILVER
1x_Z1vReGaSpEtUtcxxYD95OtZz2QVX9m0u5BFRq9Q7-YLY,Akio,20,II,10,12,SILVER
W4ednU4yf58SjFG2v2XWIXxlnHN-3ai3Av5e0in3-uSsHXo,MrVulpin,28,III,137,142,SILVER
7TJVSbQ17Td281NgLKZwGDk12iGd-9IPwxC1d4BDSPorrJg,Boca deSerpiente,25,II,58,55,SILVER
zGNhSkIs5HgtW7RlpMEjLK8i_0QNutP6_DMCfK2yw_rHu4o,JakeDiesel,12,III,28,38,SILVER
atRcuYCsk9tfYODBnoLRJn7Uc-Os6S3n4rbiLuIju_NY6z0,Jbels,5,IV,17,14,SILVER
TLyXdNAI-PBplIJQUSu5I_Ts5O9DZGpBmCZ3gsK_CEqYL-A,rainflow,1,II,19,21,SILVER
Yr994_yQL_SyODu3Vzw79tyfQDrmVBjEQ7tkCCL4xabg_0E,Supreme Diaper,0,II,20,25,SILVER
1RREPZydPcbhAgFBD1T-rR7qNncm7ZgdWTzaRczPSc2qpHA,KeynotKooey,100,I,30,17,SILVER
KZDx4leD0p2h8w9sc7cWspGKChkdAV18VJAqVcBH30gxO1s,Regnier669,25,IV,104,110,SILVER
LZYaryGf94Nm8gunOXdGnUCHRISc9MLp_7icvuW15d0cBNA,rickythesoso,0,IV,10,11,SILVER
oTpSVf3bs4fU7oIzvr-5r5LbNLmy-AVXXXpEakYXziaZI5o,asianpersuasian9,0,III,41,47,SILVER
pRPr__0hMnFJ4zLNiiNMZYZi6DtcxziWD-7wlv1vtFLZ1UY,Phantom Of Temp,0,I,341,347,SILVER
aefmFTHH7stkXLxooBbj0rPbjhA0EJrWHc5VQUsqkDuPQVM,Lotleth261,1,IV,119,113,SILVER
UpSt7RF6xydBWCSpPwjzJbg_n8p6217jzfraQfI9no3OsU8,eph3meralgod,25,IV,110,128,SILVER
4SknMJFVMOqK2xXjL9M8LcrV8-6nTD7wI8BIShvY2-VlEgg,Garrett Thomas,51,I,94,103,SILVER
2u33MC3PTbnmAKBzYM_bbv8PRrXOdAmN5k7w4fehchJYUho,lazyguy799,7,I,15,17,SILVER
moiEP0nQ2kJQJBjJ_SVwvuq6X8EZBQ2SRXG6KVrq-04xENA,Octavius Rex,0,III,25,34,SILVER
KgmnY-a-KkbIK-9y_Tmo11ZKTvNyk4fMvWyA9d4RpQrY6_w,Altior,53,I,103,88,SILVER
AnWJEMOixYt_DXeHq-hkcVVqOx4J0PGPDwdsl4QxBA0svqQ,Fancy Suit Man,100,III,38,28,SILVER
suvmkA-ZrZFiQ-oDMGYUknsTfRGB36K0DXbpkbzN87MuSpA,OverAggressive,70,I,101,102,SILVER
uncQmLlfKPRHn7pnvmttHY1EKkD2P9f-wkLP8Jrt8AUMYOE,Freljords Shield,27,I,7,3,SILVER
vlRqKbBVkXzHvnGnPXxfcx2kS4X9tVnGQcqi7Re5v9y1PC0,FrostMain,61,II,26,21,SILVER
MMXtPxJ3L9QACW5oX-ddqWhrlmDRnJCAFCiryfel7WbAAow,MajorKitty,100,III,83,66,SILVER
CSixAuLEDXBJorP2ChM2N-UXITO0Uz5KOe52AzbpOWJekDs,FunkyGronk,55,I,11,11,SILVER
yC1UpYVPvqwTJZKb5SxsEhGlCGizK3lrcfiqMFzyVdF_f2U,Featherles Biped,29,II,94,95,SILVER
dUOU5gn_lvthK5g5MaAy0fRxNVplDxEdt9ncYmuixeEROIk,Kameron13579,60,IV,39,39,SILVER
psmALenbhE4BvMFjKALNa7CZV4qOySOXKQ3qGHSb54RCpTw,NaughtySPEEDO,35,I,22,24,SILVER
4nUvCJGP8t2YbRZbcbPN1HeYlmQtVD1rlTrCvPEnH0ytHqfN,Stargazer Luna s,24,I,56,43,SILVER
05KXSDVrbpC4z1TemAIoIyGYjP8Lmy2eKSRq_po6dV8Qxqo,Melucci,28,II,15,12,SILVER
ZqUjC5Ny7Ajassz20Fe8iE-84gMZNWYDdQYovKM-zzlrYKw,imisswatermelon,11,III,437,460,SILVER
jG22IrkcgkRWSr_dqSEnj6PXqkfXl6bTgvbvlgbxuMzeKsA,iLegitlol,58,II,24,17,SILVER
7CQvuJ-Jda0OOBJJlJNOoPM9YPcdu6CQdJ7wzOflLVi4Ukg,Murcielago,22,II,38,36,SILVER
hoKeyE5AsPS8fl32vNPm3aIEcU94dYdLbTrdJ3CzVTK9y5Q,Kainner,12,IV,11,23,SILVER
2B5qK-ORj1SHXEmFmMn9Hnad0MCz00jn30QPljgKPVgA-os,Prof Kwazimoto,0,III,23,21,SILVER
rYw4KDcTaXquW8AaVJsMcIU369Ec3w9G2zjxYcL_Zw4cB6Uq,fallonki,23,IV,20,28,SILVER
O_OPtbhHL_aK88a_iNAoYL9BwNZAS8ckUtfRYD5Jj7i9NOQ,Trash Tier King,17,II,138,146,SILVER
kKbPoBvkz78ClbNHGZLIghaUjdh7P8m1BCYq4NitFMCqGgw,Pauldst,1,II,86,99,SILVER
IqW463Lsn9j8iifD-8cti3H6KdAxKJpHy-Uzi6Qlas0xTCQ,0JK0,0,I,10,12,SILVER
4Oq5TX8rP4q7FHGJtMTLjF-f_MhFjL89Dr6lNdQq4jwqMOw,malerv,1,II,25,25,SILVER
a3RGYTXCzHPhHa9Cx-FqDpB5QudSt-kaqTT-ZTYw-bekpGw,Dante710,77,III,119,150,SILVER
Vh-TRg0CkuFEr5kgsuenWsR_x3XBIS2D49Zvb2ClFwpNuIjr,Hewuo,33,II,66,57,SILVER
008fgGteFxF9Eww5sVf5gcgySzUmOcOTxHVYz9UqhHLSaEI,SKT T1 PIWAVET,100,I,23,23,SILVER
I4M0BnzyCmMoKf-CpArKRuSd7AIV-XgjOXYGH48SqDa4IVk,ThatGuyJman,20,II,8,10,SILVER
XlOJ1fDQIyJwIT6E7o64qz__ma6I6N2vEmoayuV0DZ6KEvjh,Sharpcop,45,II,133,118,SILVER
uc8gHhGJLcW2tokNE8Sn7vhtIMJhnQnX2WFZGY8skL1vObKN,BBChase,0,II,10,4,SILVER
uX_V0op72c1iHiqVtJ41sNus7PzEVGzBcvZx6yetAeV2qBs,MausFitzgerald,54,III,233,239,SILVER
ePdy7Wlp9n-6yz-s-9ProlMzfdWdsXP13UWxr0hbKt4MhCs,Funktrocious,42,III,166,167,SILVER
Z_Seb813HtFIZqwqTxB5aUzRaNRNqtc9ihA9rgu4M5z-elI,Audene,93,IV,239,266,SILVER
vUOnsH0rJMMnNc16fWiunwp9BTxLSyLNiaY-BmUsPF8kGw4F,lIlIlIIIlllIlIl,20,II,19,20,SILVER
ABsopZxW9oiem34jRys4nDEW_5TujutV8LT6Iux92lhAoefJ,TeeTann,0,IV,147,166,SILVER
aGXSG7vKL0NpgHSXAsVCbVtiL3YxD55Szt3cVYqDj0cYSyJ6,whiteflare47,0,II,113,125,SILVER
u06mbnjpD-A-aZp_2YcuTJ9xsyZNVujylpeE9Gsodq76G3U,Avhanterp,100,II,130,123,SILVER
NCXMuxsCA_tvfqLiDRaxqgh7gYa8GZ82fNVMFI4c01Ca6QJ9,n ˆ,10,IV,15,13,SILVER
wYUajAsZr84b02tZVaIV_pcd-jPOj78H8trsoy3cV6trUv0,ripcrosby,0,IV,23,25,SILVER
Yo2cRsIzNR3X4MiQlwaPtXhJw8Ee8WLlOCLBFHQFeZb8VgM,Virolife,56,III,53,63,SILVER
DQEsKQwOwfhGvVKZajnwoWT7xZnMcVfpc_vCVzueuxkU5EI,Pitbull329,88,III,14,10,SILVER
03IZzWg03t-5-vnhjdqlMkVZ4gEEpwHyNPvCWsO3siQJ8Fs,AdmiralNeckbeard,0,IV,25,15,SILVER
0mojS0xZ3pylU4osQxLlLdD5aQt0ED4sLkPpNDLQYEnxvzLg,annie ª abuser,13,I,50,44,SILVER
PnA647RNby3Ho_tZjTmyvcGURwteE80_TGHryBDPuO_Lkxxf,Would Like Tea,11,I,150,159,SILVER
MEdSHNyrvVZ1KAo7lkm5BYjwwqqcIWTUDD1hlBEIkxeJL1I,Antîcîty,0,I,167,178,SILVER
0m3wexQDVWZRc9tB5dnVWaJY9f2d3D_4pv7M6XlIFbDB_uw,Meowtha,0,II,32,32,SILVER
0f5buTWv1IOQNglniSI989ZDpGA221-10ZaXSFglC6CMv1g,Glenndingo,43,IV,175,202,SILVER
RalHhv-l1V2yP78AUJRIV72qYFaptBh72BD1N6EWCbMker8,Master Mim,31,IV,15,6,SILVER
BdsZ3x9pc7iwpcsGWvJVx5cZfL7ReHZm7Ed9VyUdZB4lRAo,Snorgia,12,III,28,30,SILVER
rpwHQFAd13TfoaKivCw5lVpLVqNuY7cSmEWRntYoOA1oyWU,spennyshelts,4,II,199,193,SILVER
vIbujBJqHdV05OPyoY3GvfQDswpoI-JXiMBG8Pzv8Whzh_M,HaiJun,100,II,104,102,SILVER
yWiB5gTTM7vZbPhHQfzHM5SdJfMiHLPgNr6WixodpjRttPI,Crash606,13,IV,13,11,SILVER
Dj-LHU1ZFmZ9EcEI8isb-O-ZB2DlWMV2DP7FsESder8fjvI,Senko Ezarael,75,IV,180,196,SILVER
YNwlWsOzmbjsVNn6JlrteBnucecn5oK3anXH4Yf2z1c--Sc,DAD Skywalker,66,II,19,24,SILVER
moVBlNS67nt-hD4yiusxGeN4-FNSAlH2zK7oTJ2ATESgUXE,kharasmalls,56,II,64,77,SILVER
3m4E6PzsSB6I5yyvXYmL3NWaDgIxpQr31AYXv-oJoTRnDrI,SimplyJinxed,0,II,79,86,SILVER
wRmek-XsAFOY9RBV5tSIey_Jw2p3TzEbM6Oicxru6THT2YE,Slap then Tickle,65,II,189,193,SILVER
fao1C6txGA2rfOzx-RzdgUujkifv_QNeYH_nuFS8fjHCXNI,KK0r0,50,I,15,13,SILVER
lSAYJDi1tX4QRTp84Rla0sNjcgBN8ziIXs6hbtONclTWm6fQ,DildoShwaggens42,33,III,38,38,SILVER
zgV1CxspgwT1N66NB5v5BZgO5tIWzKVVFCBx1f6Lk69XqqE,traderjoe18,36,II,95,89,SILVER
rKp9XJWkCv751mhCIkwhLLcEyJtJLtgfbjk4sOWFJayzCwo,Azureryo,71,I,20,24,SILVER
cuF5f8PZAkDQsrbaFFPA_UB4hsuqVJFryWHK47haOY0zStA,doobie jenkins,51,II,103,120,SILVER
EsFGHVD3CH72NQh31UOZ8t9EQmQXn8tOIF_kGlvj4u3gNhI,haileyhavoc,16,IV,68,79,SILVER
Qv53l9WR6YHVlt3B89SyJIBtc_hlWAh_pFx3csgYWl3-4iw,l ll lll lV,26,II,41,41,SILVER
feC_SVJVmG9gG7zlXATGXQHwX4f0RpfU48VGxq4lSfvZd6w,PoopEuphoria,0,IV,19,9,SILVER
3YxDtCXjvVUABcerJS_aS2a42IdMSOEzYStb0-oOy9jrJWQ,FeelCry,33,IV,95,113,SILVER
ZMI3VRkBjWEsUgIzm-rk3KO3d6jVNC84gzgo_t4mQtWfEoo,Šhädøw,12,III,45,44,SILVER
z44QQXXZFLC9yvrfmSMQjdOh_6CXrw6HYVKVqVP_Uj-CKB0,NicoNicoNNi,100,I,23,9,SILVER
54vdVGKZMhcc36aNH6w5Q6dV6rxF7fv8f6NWe47QiM2z7WA,Lol Master Pink,2,III,66,82,SILVER
DQcIl8StZHMeuQ3EiAJ6zuwzeNTWJp10YE-R6AUC0GWnxIQ,MyPorkSwordFtw,0,IV,56,60,SILVER
8xr5TRLsuVYhHIRaclwPnyX2mW3H4tJJ4SgaA-RKg9WaPgM,Wickedhawk,40,II,146,144,SILVER
aTP4X31BjDbiS--oU-bXDfy9YPYUTTMdMHhWvX-mGE4oi_0,Niggel Wessom,22,IV,155,197,SILVER
W3n9maQhyoYfih537jXFxXj95bEPFcu7glami2oiU0l4CVc,i minion,73,IV,83,102,SILVER
f3weLCez-oDVvjt5ZkdvwudxCUOnm7N3X5Ib2jYNwfjrZ9A,urlvüi,36,IV,55,51,SILVER
KYuHXmskEzUZTyO72txygYzQwv7Pzdig7nG-Z5AZk2shSqQ,YasuoDid9Eleven,0,I,44,45,SILVER
7NhlTjZwqTpqR3y0i4r2F_ALjuLPmuks13fn_w55bR9Of_Y,LactatingBooby,100,IV,49,65,SILVER
Xg0vk9gnHr5iwXJBMwkLHREW5HGa0kkquUVK17FmKxADgLk,JellOwO,20,II,273,246,SILVER
HrG1sRM2P1o-KZjOmwPO0kmNJ09EsMSoyN_ftL0uqHSNeOs,Whiteseal267,72,IV,10,8,SILVER
ew010TVA-H2iRy_t2gZHqIIHYqTi-ByCKogmAMBja0F7yjk,The Enemy Ivern,57,II,605,601,SILVER
n5CuIGjiU-Hd3PfWv9mY9a-susCLnbTWse_PS51rEcDKP8B2,arcticblaze4,43,IV,89,102,SILVER
HZDOIoN_uWnRqmT1-IPsU4wGP48Wu3kycYm1sccWRSDlgLLL,skoogle,6,I,56,60,SILVER
TCs5fS9tHBfLn6Xzcxe-7sKHtYRW_3XIRS2He2CBZd0VGyk,2jointzzz,32,III,45,32,SILVER
ZNXKlwo3zGcEgex5KoWbHDc-oOjx-5UIfPkfSwsn6fc0i9I,Schalk,33,IV,7,3,SILVER
GdrE-t61zPDADqxJGMKudcYif5SMTDlbU7p9qkRkfiy7qZI,TheHumanHam,1,IV,96,100,SILVER
BRPsYpjxUy7ppVGZOeOA7Ur1oKmJreTYyMr6YPXwRX9zKYM,ClamBalls,78,IV,10,8,SILVER
OlihTHQhF6_tV0CFuXClDnqpyf8WDesc2rbCHte4WOeLM_k,BigDrew9288,59,III,8,10,SILVER
FkPm-o0ZQDXzbFS1bH0T1YcCQoiEnAensa9FOMLP9HNs1dl8,PERISHinHELL,11,IV,45,70,SILVER
ovNhmxV-aoaNkcBNhHVtv-kPyHnrxJPAwfhSVGSBCWym6dg,PdW2kX,75,IV,63,67,SILVER
1Go312V8pLVaLLtejFSYIRBobI6-kB573tjbRF1Nde7DAXU,Izumii Sena,67,II,80,89,SILVER
TtBOa_3l07g-NbC5GU-HRmL_LCvtFKWmmJRVDTgmal6W7aI,Chief Harambe,78,I,21,17,SILVER
_0ExVfV9HmsnA1eVCkiLzKqIW-ZCfjg7A7WutwHsUBwglvc,Canadian Bard,53,III,5,17,SILVER
Yerxqf_NCnYEN43Gv8JRTun54AVJZy0QcODQB9jThS_FJL4,Wum13,48,III,153,164,SILVER
C4MrHvnT-pIucuI1KE-k1RqXdcAytNtcVhJOJpv40IXIwviY,One Rep,28,III,32,27,SILVER
QPnAsulqtiSrTKJMH4jnzWCJWZpm0HKC2IkKVJUULhtktXI,FlaminH0tCheet0,29,III,83,83,SILVER
wup3wbpnEfi8bYJk6Muu8pDwfweHukb_v2GHypFI4BzwlEM,Deku Might,34,I,46,42,SILVER
3RWs22fbd2UGBx2OyF5zmFpw3XQsZxolFBpwtnywPhfujhiO,ItsAvocado,63,II,22,16,SILVER
oKuwzfNyYzLhx8WFvjjCiqIERATBP9E6MC5PufDEMSREqUM,shinnyfinny,24,III,85,97,SILVER
s2t6yd6pfvjr17IDoijh_sdkY-n3-HIBeNFiVzBy8KjepDE,NihilRex,0,I,13,13,SILVER
Is0JhSAtSPRwqP72fQTh9W_71-O0zuLJ5rPnaNx3NHcmwLI,Birdeee,49,II,118,118,SILVER
MGY33Tl87XCMVPepP56b9dLamxDyiSyGu5fS6R8lBS1JmgU,TossedChips8,53,III,70,60,SILVER
w3WNPCfHivzSyw_e0IRwj0QI53t2nOJgm3PXH1EUFNu2eUw,HathDoldric,62,III,75,86,SILVER
0yOAKomK-N7lUUC13ZC1Hxuh_9eyfbDJQVOpg5ww_bmKUj8,Acidatone,0,IV,23,23,SILVER
QUqZud_8M-SRNUWYXhKULe-n1X-Q4d9udBnt5YckCF8,NutziBalls,100,III,42,57,SILVER
u1Y0E3o7lDtL-Bkc8B4umU_U9eGbQdqosHF-ZzUQvJx2_gc1,omygodronny,0,IV,29,27,SILVER
E66rO2tD-7NwGSpONBPWZNgq2QToRJiBU79cqyirv7Ut9v8,Yapucax,31,III,144,151,SILVER
xmV9iPtJutgcuIESXl4zMGuHw_FYCW-uD8XJeH1gFmdcwqY,TheKlutzyKitten,85,II,57,21,SILVER
DOOCPOqg8I9LfQFSNngspNoPSdO0M3mTZcgVsKtc2dtWItM,XFL NightWalker,42,III,29,34,SILVER
IkxYqTq8624VajEWEPByK_olbSYEgvgZ8BxmTR13vobciawb,Hh07nice,90,III,36,46,SILVER
1_7vEQ9tKE1rHAmsPQ_jxRClAEHHPefXKA4fVOotjKP0KDg,VizualHawk,23,IV,50,57,SILVER
CuuZOEnB8yRWP73S16s3RLBOTAJbTf0fltasP_CK14GkurWe,ThC HomoZEDsual,56,IV,7,9,SILVER
vuZFpFF8B3uEwX6btAgokdf5hPszUpeuU1cN0lwVZPRW8Pc,sparkydanks,39,III,25,29,SILVER
vONgYij7qOrlvYayUfmxaSzWJogqh7D67aWIie9bHkuL3is,1MxyZ,76,III,103,103,SILVER
i43f5uiw-0rZPp_PVjaye_yLgIBAgfEfIJ-OPX2XHQ6jHRQ,Obedîence,26,III,127,122,SILVER
rat9GXxYVO0I2Vndofij3X6F_7HsscrK4ikM95zN2UGRODg,PutridMonk,34,III,26,25,SILVER
OwoGER5A8QEmOiCjE3iAt25eQjG1bI-fjfe9B-57NAb3Smw,Moreira,97,II,24,32,SILVER
XYBApBBzwVOZQeO8-8CQIc9g0BF-8mNW_wwjoKtbV1qYarKY,FluteSister,1,I,21,17,SILVER
Uj3QBl7Su9P1SAo1Sn6THi8zJKPkTiMgR-20Q4pDGvdkC5Q,Fear Da Bush,28,III,138,131,SILVER
PnRoKg1r0JZlHj1E5p5A6ejc1yVJLnA_YDP5-g28_Ltm7XE,Sam Russo,0,III,50,50,SILVER
Sljzco7TbHdZyGlWi7fGmPIk0nDDy8FFNDOjpSv6VftSXDA,WhiteShadow069,43,III,94,99,SILVER
q2rzT3_KYsaZWWBYQVwGVcHS_L0g8oYjhrs9ZgPZV7ENxdpf,Archeri,75,III,111,114,SILVER
GW_B98SYZp5gZ4wpC607iRfc7WRGg2zBbRABCC6mg4L80Ws,Indlgo,0,I,2,11,SILVER
sNAZHPUKP2S_a4NxPAG9iE49mUsCf9GjIs-As-Er2VVw6M4,Bluna,67,IV,9,16,SILVER
g9SnQY38bwEr9qPCejwd9RVlgt8EZ5mF48AYhJ3S5hZFggc,JayStu11,11,III,42,44,SILVER
r1ZzPwJAHasI3itYLlphPKRt9NIxZDJwQp0_Wt0QBFQLpFI,NA LCS ADC,100,II,23,28,SILVER
5NqL7eS2zeNxvTHF9beLH1rlXhSIszArOXJqcADFxovgC3s,Yi6Zhao6,0,II,41,28,SILVER
EFpw1-cSQcpSSc430ZYHrsqLpZ-qUt6MklsPsNfvNwc0umU,Reformed Akali,69,II,39,34,SILVER
9Ak4e-Z2kk1xy52ihweLnqXGI9tWhCM91rFBEjK0T2X1K1E,Agroth,53,II,82,79,SILVER
dnX5ZH-Jn4GGJlRW5zIiBqyx-vU1SdHzmmgvBFftW_P8_IQ,shkadush,100,III,128,126,SILVER
lDFi-E_FBXUfl0RqJY17d8n-g4w2_qV7ZOdOYzASYbbHWBM,Durrandall,75,II,71,76,SILVER
LHufNFf3PexUiAItNACG19JfkH1XYg1k9mZJvc4Q5VU_yPw,Scorpion Goddess,53,I,69,46,SILVER
tIDoqZ7vo6s0FBAvl5_u9QHVYD3VV9_GY3rR7JDrF8CMdKs,HokageLe,100,III,110,119,SILVER
vSQiyMTfRgQ_HB2ebFoyRKlORR_TmfvJl6hJ7aA4Rz_7YCM,WhatGatsby,27,IV,386,449,SILVER
8ar3_rkH5nJUbVHOwHVDelL8a0ZVVw5-LjnIYKmVQ2oO3Kk,Shahbooze,46,II,63,66,SILVER
YDiEH4gz7jfz7FrJoelSWqr_eBsAXcdgzIxAgDrVUqdI1X1V,JoeMother11111,20,III,80,88,SILVER
aBUe9jF2QPTrriEsIMOiR7e78HtMgugypC139DakQMm8V8w,BENchwarmerLOL,67,III,42,23,SILVER
5tIIXbDYYclLJ1mOX8IoW_HHN_B0z0qaDx061k2NIa9SKK0,Jbonex,90,I,16,5,SILVER
s3gYqc6QGdTHZ_60ii4wSwJYyw8J-KfV1pqafkbyiGjecVE,Zanarkand local,30,IV,6,8,SILVER
yo8pT_fCbhQg5LnTjYIpysHxZe4Hn2QIuqs087je6EACRSE,Justinzonfire,1,II,8,9,SILVER
eRncOutwFGUjpXErpSMCq-Fp71dfMXRxOY1eChbITsf0wyI,xPako,0,I,252,257,SILVER
dGXBZNBSO5eb9uIlNJUxzGEeZkTlaIAWNaf1IxvL40nxBMic,ObiWanTheHoagie,66,II,34,27,SILVER
fgl3kZT_fR1OwqTzR_SvLyDKkEguzIs5EbY9v7n-hAhHGGPl,Wet ßoi,83,II,26,23,SILVER
l3Mm5oTQuVPd529yKFeSED0TRRckQ2WRC_cSrObmLBpLGSs,slimricenoodle,19,II,210,235,SILVER
m1IFDH3JWKDMcn5kMF7WZuc6x7esGYYYoOtt-rGYI85BdVY,Boku no Sølacee,55,I,7,14,SILVER
Ds9uK-9EVWwPYjZbVxvgzOMgvDOBAlxv6o3IGIx-VGy4izk,xRolliePollie,13,III,91,73,SILVER
LiZfVlHTLNGAj6NHoFtNtesW1tgyVhQWGKdBipDxW5gYM9A_,AphexLegend,27,I,39,43,SILVER
cCM8eQnsWomCcDSrrKLUhGpbydbaw4QyAq9K7eK29E7hO5MV,danbothedude,42,I,8,15,BRONZE
xJOrS6802SZMpxiVZbFIbCgP8od8yicr6Ds0oDpW47cpaG8,NastyBoyPD,0,I,31,26,BRONZE
c3SYD8z0XA9o05xft-ZoYQOxWble_jxw4qF9DXMiGG_XsYQh,Asca0,63,I,17,13,BRONZE
5VCPw-x-Dxmzw3CtEcDMTKGPnxId0fJJtL4A2o6TEOImkIU,Mortsauce,1,I,8,7,BRONZE
XGhCdISdMH1O-oQyGiH1b6r_5HntEHzoNcRppeXaBJVO_OI,Ezeiken,23,I,14,11,BRONZE
OzZVo06ml58HwizRhz2ezhNmrFxYC9c34FVGzylP1JTP888,Cranberry Jews,21,III,50,68,BRONZE
pn-_igOfvAhIIYLnHRP3r0XOFzc-LEf-BP322LFR2iKbpYU,dsb42,28,II,51,57,BRONZE
UrhSqbyHAN87nZB9qNsTxWahJhFbbO4IuDa3YI9VrnUpZAY,milkman20x,36,II,11,16,BRONZE
k_k5tNVUVHl7vkGJNYBhAPYFSrm8BHsR0leMTg6SrrucESU,Reconndite,49,I,47,57,BRONZE
on5vGAQx-kror41d0iUIMBAf0suQaW7sjWieXKKWFEFD2Eo,JawkneeKaratee,66,III,308,309,BRONZE
CX_RFsFYPonnL7hpEUQ4WLoG_njQhKzP1QTSDSBUaJHB03U,NeoguriS,71,I,17,21,BRONZE
8o6XTTfPXcziwApVVzY7GPqZRxjsI9w-7qoBx_8mjCuUH7Y,ALPHA I OMEGA,98,I,64,76,BRONZE
7b9mC5RnK49Zm3KDyUrvax2yAJ-f8fZpsG0zz1hQNJnXwKY,w1ldfir3,86,I,12,22,BRONZE
qYpiz_tmcLAjFkvvn3OGBz6365KCGvyRsLBVhnXM4bl9WCfr,yunjae1998,73,II,72,83,BRONZE
vxwZGsABzTSmA8slBFlnnWK6RDNHzeoxRXczhA-HMWrt89c,SerDeathKitten,59,I,17,20,BRONZE
Rb3lCOfg55QytnCHzk9BdT1-RdTO4zIbiYRayC75V8Y4ZTEP,HQuinnH,62,II,59,89,BRONZE
wKaFMfqtQUzpUKVsadgB7cVLVVbV-Qfo3jmqqy3Lnh9p5oEQ,jyang peter,7,III,18,23,BRONZE
Urrdhz8aowbIkOlzTwL5Am1K-MDqzyBvYw8Oc54aeiRheXWa,Improve2G,52,II,7,10,BRONZE
ko41j6ahHU47EBG7cFX9WNj6x_iu1UrG818ZjnSLo7R4_y4,Kakane,100,I,34,43,BRONZE
1hd39D71w7Io1EpnS9qjX8vwOTdqdIpycsvuJsB2l1F5ai8,I taste happy 2,100,I,25,31,BRONZE
hrNevy9Phhd29nTNv2RCc471BxhUkXziqHS1UcBZAVKRLUg,Watalaba,23,I,14,16,BRONZE
V53R5KiEZZKE_6NClgh_3fsWCqV9o3AYpeBnkKhChn2SIWE5,Nolfaler,62,I,9,7,BRONZE
xA9cQLtLsaaP-52ggxY8Yhwi1J1qt-XYwIO35my8tXE,AZ4Z3L,55,I,222,258,BRONZE
AgwsnZJmkHAlnu0sK9SXyS8TCfVMEWCbJDV5IlN8q41f_uQ,TickIe My Elmo,64,I,10,25,BRONZE
ML958q5vMb7z0EmemeoqXP88qu841YnWluv540KxSekpYsE,IRL Raptor,0,II,12,12,BRONZE
VM6nwWcy0bInJoHgJx5lXkkWjm46GAVEcNmcR_fX2-Kqfas,cryptodaddy,57,II,34,40,BRONZE
wPaq2PVMxvkek1u9JFcIdHcZJxl4Epa0E8p1eEXE9xgsumc,ZeeMoreButtZ,37,II,398,443,BRONZE
o1NzcAMhqDWvAEBmw1r1U5t6PYo51eY0L2TAJ7PDCKg-bVM,CaughtTheGay,15,I,11,6,BRONZE
KZfojhVnxrlC5BenPQ3ZJ0S3T7LvBdcBvvC45lYtuxDd_zY,trubles1,19,I,91,106,BRONZE
IC1ZnmMMdw8_cXVViyNsS5sShiz27fac82Q7gaaLv1Pgw40,Prismmancer,75,I,62,61,BRONZE
M7L_qDx_VTku8YceDcrwIwOPvB7FvUnAORZXW901IOzywCI,Meisakusen,30,II,234,237,BRONZE
G3QeqVVVNw-mUivT2kHp11KVXCYqNgQH_Zksd6jRIWIk_xE,OogaBoogaUganda,68,I,10,7,BRONZE
R8neDCaU0SJvm3kHkvlQ-RtIrmBjNkb062X-LtX5KwqTzOs,Humanimal AQK,87,II,17,31,BRONZE
BL5EVF3XLbEbJyJIkPYmBpG9c3UDHYkXV1GNJP2dbY0_FWo,The Turret Lord,3,IV,4,7,BRONZE
0z-jSsjuxT8FRXuSId4WyJuHPif4HtlpUHKtWmBWrSU31uA,yOki0,68,II,4,9,BRONZE
VgGjqv5xivTyNsPlAz7njGdpD8OhgvJGZ-8H1gazqdKVZaY,wxru,0,II,8,23,BRONZE
ApzZikpe60Ok0D18pOg7IQyEMjmAcndK-dWcbfSvx8vIjAk,Versilo,7,I,9,8,BRONZE
ZQy-8uKPmRQJqh5JYhTdZPuhA2hMYc1D3R-FtGcAbJIApWE,hb656,18,II,35,23,BRONZE
Vw3TQ4BTCusiBE--QQhNk0i8l25qAqEqds61ArGCdFT6nKY,WILLIESTR0KER,47,II,11,15,BRONZE
CV3NZUm03CWUqvr5HC1hrTHG_2IDr4d1RZPIBD8aYngk0SY,Akidayooooo,56,II,3,7,BRONZE
AnV4p1SgsS4oY1yWvMcaPW-eXoAZff8VYUYhEqu5OOHX1kg,Montezuma III,31,I,9,17,BRONZE
i9XNlUJh2WHl5dMsu8Pz5BovOdNIjWUeJNOrUnRHUbPAmHU,naitobear,47,I,24,43,BRONZE
93v6Q7lR90WX_ll4xP8ee9WH3lWHd4qTQC-9qRvDhhbHqdc,Swedester,5,II,175,177,BRONZE
4pTrLgB8G0yNigGAlDgfBWhAvN5TP7i91BTj-WilfX6Mjlc,Brookylyn dizz,77,II,17,15,BRONZE
o5MEhjWhR-7lciGtmH2qoa-ePIYM0o5njTaqjU4Hayn2YopB,ExT Bunny1231,36,III,119,184,BRONZE
s5AhI3ZuVTcTcNy0hYMvr8toRrvFovab6ULCjQzeX4Tl6QE,Superionus,0,I,17,10,BRONZE
R5OOljdykDwcxHlwmErYxgNP-00g6vK42LO0MLU7NJf2a9Y,embraceanon,65,I,21,23,BRONZE
_sKJToYQ0hhVl86XRfz5UOBZH8UZ-MIFGOs9q-Dx1S13ETo,SinVenganza,64,II,10,10,BRONZE
sCA_5nDPXKWPu01Ajf1fwsH_qfvUFSXIaaTPUBztJ5w5LNE,varsity171,62,IV,12,21,BRONZE
criV-Vz8N4uJHLDLTsMdCZxtuBxGexbVF0HEyW8l9ANL3y8,IAmCantEven,39,II,7,10,BRONZE
BpAyO7gW_PqNxDv7X20axk0pPljZ7KWaesoYJEg9m5SS9VI,hollowman399,53,IV,81,93,BRONZE
yqpECwLPavC_kL2hO1TbuasrOozehi7YFwLhRR5NSPHmXDg,StiffWhizard,32,I,10,9,BRONZE
gEFfHRj0AcGmelvTN4BLyipVw5kN84sqro2jgqQCDo0Ea88,crispyarugula,75,II,94,115,BRONZE
2bG9Y2fy5WFhz5GrbD3tvRlBgXJJS-b7bkhkXRDttS7d9Lo,gashlycrunbtinie,75,III,87,87,BRONZE
gB8xXMPBzOg_sEshrYDXx7aEb7PJCglM_prHLV80YSiyWo4,TYNGZ Eternity,68,I,8,12,BRONZE
cwVC32jegftakg1-Wi7nzEX21OwyM-UE6TJzMWYIEtgDklk,Yuqin Zhao ,65,I,16,14,BRONZE
1IwOd__rK9aArT2kQm0E7w0plcxnvf4NmANLZCWtWEHMp6g,PalpaTeem0,39,I,18,17,BRONZE
KUWqmmkOkHZhAlAiWhOuN5QEsehutnAFan6wznVB8-o9VUE,Zondafro,6,II,23,26,BRONZE
lou01AYv-yTYEMsLnLCeL_9bXuHGCBp7B8VZkSv5ZA,h34dhun73r,71,II,24,39,BRONZE
MAzJuqp2z8tIJrs2pMrYeMlBtZus9ZFHCvXzCcwcHOPeF7g,Spoiled Day ,99,I,20,18,BRONZE
4I8luq7Zji3Hqk41h8E26f8C1AQNQw6jiDW71YtXhwSDj4s,WafflePounder,57,IV,3,7,BRONZE
3qoTjrqkl0fsOgd9qgXxw-omjy1sYEGybcGsmGYjBCSFC6o,Jbama,0,I,17,12,BRONZE
_NnMRBggAxF0n5kYV7uGa8Abru2im3aImFJJnecynkOhwEA,niemageB,16,I,2,8,BRONZE
KsvLoZXb_b4gbavqbfXfG3Wv72uGcVszeCyNRJFeU4Nw01OJ,michiinq,0,II,7,18,BRONZE
1J8AyzILip59Ej8vlGcAluumvWQxJsH4Pkr4BiT2EqOlJQA,AggressiveMom,6,II,266,290,BRONZE
yQe82po9uKx9javXd-RaOHHoWq-BMyCcAqvtAo7IDD7k0pw,V8 Bait STi,85,IV,7,8,BRONZE
fP2WHmKn9PhPuTgPyZMsI3AOZGGK6Vrc0YzMYwbIhn2ght79,KINGMEWHYNOT,19,II,5,9,BRONZE
hcWGIHH2ovRwmMBS-pu5sV-oisTCX7LYSuDkcxF9ZdC7cJM,Gajeel Redfaux,59,IV,18,22,BRONZE
cNtse-wsSpVa14b_A5W6ahB-xDKquSjAUkMCp9GY6SRNLyg,hannahko,55,II,17,33,BRONZE
LoAGJTx5l1fUaW8I7nldc5w4_efm1g0ZdbdTF73jpADV8nmj,ImBananaWater,73,II,14,12,BRONZE
xDk6R9IJYO5H40JTfxynNoGzaX9u2bOZqmhbf-hbxazNmeM,herohylo,84,II,9,3,BRONZE
I6r0fc0gjbXbcrQXTbDC0lT_DGzzMSp7zeVduXVSZq_rM9w,DemonLordNA,22,I,12,8,BRONZE
f972fRtixXYWKFZ2qBfYwoy23bklfMoDEcu8w3ih_NeuWI8,bobbyjohnson00,30,I,9,8,BRONZE
pLX9gaZ3Hb3FoIII0T4q0-mgUmGOdsIzYqXqP12A_-Z_RU0,EarlofDoan,0,I,18,6,BRONZE
nn5lmRVE_1LmJCdhfZ47dMG8ZouVurG6d0SmXE2xJ5vojNs,Natedog721,5,IV,2,8,BRONZE
iLYORYpnOqcuU-MZTwvCcac38ip-B73qKJi7Rn3G3HGYvIs,Matthoff,55,I,9,5,BRONZE
ybAagNDywbMBcsIWuypGdlcgPfD1aUQ9eyUcgpjjllR8J1ce,LegendaryTurtle4,8,III,31,53,BRONZE
GHVpXAQus9uduyMuepavxonphGMciu1mF-yqGKd0fGdNXB9V,Ecasqun,0,II,9,11,BRONZE
9IomB7hSltpBXPtFg0LsdLcWVoIHzAOU1KY7q2qNSfLCDk4,SilenzioTime,60,II,60,67,BRONZE
j1aLBvInLblki_tx-kPOK82g-lbOrgP85Fvs2fbtaywzCl8,Martyr Plop,100,I,18,20,BRONZE
JIc_zR1Jmqv_Jxw3JrmcfBBaEZAzfFrT-mmOW-tv5AQn9_c,iEegor,0,I,9,12,BRONZE
VtI5_k1UfAifjNMxARh0Pete3cHtKayuxP1FW6BFjfU-OGs,Vraal909,87,II,28,33,BRONZE
Sr_ScMaBYRHn7M7hm_UP_yT8dNV_zH7FaC86pTEoOf1h0nM,Sp1cySr1racha,100,I,51,59,BRONZE
wjr9rQftGfbq_OCNhFklOUozBv1O7-Igi6KoOsOBZFijek8,ScrupulousPanda,48,I,80,73,BRONZE
YcXYgJzgVCc3eZpY8TqT_fg_1ITFdkXaxMEog0YlSlwcaWo,CHZhao,0,I,7,6,BRONZE
1wf8xmX8FK2-06jWHSrcjsD6vsUhMgZB93kzmeb82u_vuP4,Gabeus,47,I,9,7,BRONZE
cDfbHj_VQUBNnU9Yqw3_GszEBhkoq8Jha2zehSuVnGFFU2KN,DariusB9,80,II,141,152,BRONZE
iUWH05TCGUQD5DGsp3DBOhSLQEv3qGOLLek6kptzmC3ce9s,Tposey34,0,II,109,124,BRONZE
1PdUOzy5W8tmABgxiKyxnwIkmgvBMhzZcGPY1nZrco25kCo,A1phaW0lf,100,I,10,12,BRONZE
CmUCUFTKWY885rY9yq3u5j3WlMRMnWjScQalOFOiw1_GWgw,Letal Hawke,0,III,21,21,BRONZE
wqpejczgitnJulmjIotHw6nWBvXg9XBwzGwXj6Cunl46SXA,yayaninick,24,I,14,4,BRONZE
Ru8GNXyW7NrcVlsWrU9qwGbxnn-lK-zkS2dMFTOLDbG22Tpp,FunkyBeats711,8,I,97,105,BRONZE
NulmRUbIAEMx1NTdZYLmeI8Vjqvs_87PBv67h2vBqXtfowM,Nibura,90,I,17,16,BRONZE
lEAdUk5N02r1Nvf47YHKZhlTS1NMV1IGywjJ_SKQ1sOqeUo,Kywaiian,23,III,26,27,BRONZE
EsYZKruas4QYWYrEcZ_9Uin06CBEXAKuAdacFei5bvHknLg,NouveauWalt,0,II,7,14,BRONZE
QpbfAPwDyG-FmkZ2l3D8wuTlm9YGZWYT_zyIuwsQVbGeoQM,ItalianStall,24,I,5,16,BRONZE
fYlKuBRxD_016rf6hRTPGbsxkx_Icu5cm8cGjAnoafuYsmw,i tink i rike,97,II,271,303,BRONZE
Oz-4UvTOZ_aJYCl7zXUZpLub41yARS_7zPEKVm68bwdfPjc,profeserplum,81,I,36,31,BRONZE
zUGy9kaw8qD5EDNluKQYVsPjgX_yf8b3PTUH9VEihnILoT0,Schweppe,72,I,22,23,BRONZE
Fli9YOZRvoGzvdCD2D5xiUVOH5lSDxHmZXuNUmp_sW2lJdAn,jjacinto11,0,IV,8,16,BRONZE
FBi9UJRKcj6jd9DA_DjUBxJvG8kXSgfoklv4fF60ixCmubJ9,MoriNub,58,III,6,8,BRONZE
Ot6zD3Kg9Q7RVwsX4-uLfX3huHfomzdgWsVDXDfUQ_CSkz8,Thewolfgamer432,93,III,31,44,BRONZE
BV7F7NlZrf4F8Ts09uI7D9IJ5NaSYVu5sS3uFwx1pj8,kh4r7,25,I,11,20,BRONZE
lc2RAYRkv1wYw24q69Gt74KXDyHf9l9K8WB2lO9ce7Mg2eE,ApexValkyre,0,I,47,45,BRONZE
4dXrvM2DoFx2EfwEmhiGrs1CZcqA9wHkoMXlwxfg-lcbGzk,ImaDirtyBirdy,77,IV,47,48,BRONZE
HFYf6rUk_a2JKnGn91U6vUAU7USOqa6SrrDt7C0bm2OcWmrf,john suh,0,II,4,6,BRONZE
FKtwpj4RB4xfj8gDLZF3Quzuu-MSfS-s5LwJmH9erHoslrjU,jXiRqYvonne,0,III,53,87,BRONZE
Vbuz0hTWIN1i2eRWOcd_CUQB1w5_IJEp0cgZOXwpJ58kpk4,Nightingaly,14,II,12,10,BRONZE
63ROyzdBzxrBYsmrhatp33PMnkS1w5TXCrJLPDeZrphTWsw,BananaXRepublic,53,I,9,6,BRONZE
lKE9pKkwD0zKzU2od0oJ-k0CwqkF9wXMsrMaoiHulZMJsl4,TheEliteFrench,22,II,45,48,BRONZE
C8VvMgIcRcOBPwDQDk-p7hYiW8Jt7ziIyj-tbGUI85emH9g,SirJezus,75,IV,104,97,BRONZE
0L6MmL77WWa1c4jEM006I7A6IsHXoML0UzWKIWrBiAEuUBE,electrodizzle,0,IV,6,10,BRONZE
wgNq-azVyirhPKGqdn0B9fYFsw_C9xBEgzmBXG6B9bEX1us,Crown Leo Chang7,58,II,32,51,BRONZE
sp4rE4OAyWJ5tyJ-HmsG4i40nccg_EAVPJeVICxmf8tcumk,FluFFy WaFFleZ,0,II,73,86,BRONZE
SRRB4dlRT8Uf7MQjnsfPZsnBL_UK0I5T34ecIKrdeGklAtE,Pixzles,76,III,67,52,BRONZE
w6_WTuDw46kqjiYDItJrxIPKXK26bybB6tH1VFg6eaImgXM,Haymes,0,I,9,12,BRONZE
8D19ZwTStfTxWpiF1K3hsly6Q5gidG7J7qCDdsm1-Wu9rhM,nifftyiffty49,66,I,12,21,BRONZE
q_qx2_W8lycTB-HfjGvoioNvRgla7d_dPtFlFEClfvNBUVE,Flamothias,85,I,17,16,BRONZE
5Rc_w-vre2NHbnVM8Bkp1s1kX5CfnFX5m_qE8T9zn1vAfmw,xYellowmango,73,III,126,132,BRONZE
yfKaqKDLukTxZY1uGFNkNzc6fkCX27h6BpFNw-To5qXT5rQA,KrypticKeanu,48,I,16,31,BRONZE
AGpMXb8Wx_IOPJm2Zu-ML10CO3ldWMvSGCxUfjCdQyLQtdc,13337ER,0,I,4,7,BRONZE
d_WN1GnsXjDPClYi8JHdOVzlKabXb6Ws2ZfEyP1D6u7heWk,Solidago odora,80,III,6,4,BRONZE
EdAXjiqcVjur5BM_uVWttcQOJF57klZFop8rt4fvBcbr,Elemantalism,38,II,19,18,BRONZE
yPSnfRSoG0KmIK1soHn0liqd5NEq4HUYdOBqj0Z4Jv8OIzd5,BDKtmike,100,III,29,46,BRONZE
DeGx8vAv16x742jHHecZu-Fn7hPNRPggRZorQOUIegyRkAU,leetcreeper,1,IV,5,7,BRONZE
n9BXvZ3MIxRY6-t2l9mGdNVbL8norpcLfeMbVpVg54GhYns,Entei86,22,IV,10,10,BRONZE
Evoc0ILyPuiZTaFU7vpVuRw0O3dpl1Q1JfiiMkBDr5XM2ik,Fragool,95,II,13,14,BRONZE
R3ROxbpmdAwgGeVbTXSWoMSwOZgyvb7qLU9W4u1WimLwRMw,Ren The Wicked,100,I,8,14,BRONZE
BB3rMSyq8YRVKViTBBln-Z2MYjnjHgD5CwmolgyWZC3xrDs,EternalAshura,40,II,7,3,BRONZE
jDdMAghYws8x7bncrFWBUyI41coFMYPDVbboP3IfUBaXp6Y,Jakmcnuggett,67,III,39,37,BRONZE
rwoap7veq0cYfnaYW7P6gXfUncIkAUOaVQ4LPL_-sDhREtA,Combat Whore,55,I,26,31,BRONZE
XegMzP4cQrnVFsMNpozKvyfJaa3ObMezD5DEUQqEAJeLZJE,SuburbanWaste,0,IV,412,429,PLATINUM
auvud1MSBaBpf83VV4qZzi_OJyd4Xgie85xHRlZsUWe3FHk,ichrisspy,66,IV,361,355,PLATINUM
armXO7EbwbQnDuJ7qROnviceQNoEZjMQR0vUNldaCCl9CCE,twice rosé,53,I,146,157,PLATINUM
xJ0o8FAv0iOXtChl5QsrxVX7aRvWEphOrb46CNasGcYOy-NB,lofting,27,IV,52,24,PLATINUM
L1zm620UeEOeoeFAT5EiDRgQXSt5oXVX8YKvgwHnxt3k3y8,BLACKPINK Trash,0,IV,222,224,PLATINUM
QcPl-g8RdEmqaTJ1VN5S5H0UuzNl-b44wXpwkwdpeUJe0rbX,Servants,24,III,88,55,PLATINUM
qV1PDlLS1irTBdv1Zpg2ODHlYv4a-rYQygiLk6YybY7HqZI,AbigailMarie,0,IV,100,80,PLATINUM
RCfSB0g7-zu_iFCOlT7uozYUli2HCFyXrw8H-UNfAWE0hWI,Baobao Zui Ke Ai,0,IV,103,112,PLATINUM
BPraZhzFbCqfa8rqV2crEbxKd9_vBMqWo7Fr1nVxXBJKehI,Selfie,14,IV,228,216,PLATINUM
PR5CcAA3DktD588c9Yw01dX1DPHdYH3PNhbrpv3waln5KAi6,Shraspaltor,17,IV,110,103,PLATINUM
tapOZoJUGsp2g1FARCGKKJmcK0ham8vuJ5sQRAA0Swx5QmQ,Gproductions79,75,III,149,115,PLATINUM
6AJLniXoHjZLwHKtsv8_-MqIWtTSJQSGmh1JqbYQoy8zh9s,mechal,26,IV,148,127,PLATINUM
lf3rgrISCrpoccPvbpA-5CwwYTlhPX1k1NoFMGS1LJfyreQ,Rayan8390,0,IV,39,21,PLATINUM
5PROlgMdQtw35VvMhdN-PmFm383M2k5RVNKEr_9VL07sOani,diet coke abuser,23,II,48,20,PLATINUM
IUNbZYzWvlchKSuNJ5hz6FqOEMAUC6MTLKeOyU7QV9q-KCCl,yumi kensei,31,IV,383,402,PLATINUM
UMj48upgaS311DBITvbZv_awB8vU-Zip8WC7nlEDl9o5nlo,thatguyteo,4,III,398,386,PLATINUM
bzAj3iP99PZaWcbCCjbo1Y4Q2yoPlVgirUyUXCT66-FTuLA,TOFFYismyCANDY,43,I,385,346,PLATINUM
0PiRWvyo7KQ9mTOC58_ufcQx1WdALRCtwPGDsAXLndFGya_b,JerrodX,75,I,149,106,PLATINUM
xbZ1mg2lEPR9j5tMuQ9GDG3tjXkdYoQUk98mNE2sr7e3-O0,Kirowings,0,IV,152,143,PLATINUM
OCsfTL1Fd_CBFrDQ29gBPG2cPretPBK-lMMbJ8s7lNm_slY,Fäkęr,0,IV,303,296,PLATINUM
4PrZ_WHnRL_IA4trWou-1XcXt8Kl14cLDXQD_edm--66yZQ,Siolean,47,IV,63,57,PLATINUM
Gike4Y0qYUCYQ_QVn8MgNx6ver0mD4JMte4jyU13Nd0slVw,Hayosaka,0,IV,75,40,PLATINUM
C9u68lisNhNPns8zcuGQ8B2aXh5m9IUzwRIx4mX2OnA6zbhC,Im shallow ,10,IV,98,91,PLATINUM
twnHfcVv86vUiv8oh3kluoaN8SAe6gerHC_h3v5Xgm89mMg,Hide on Jungla,9,IV,62,60,PLATINUM
1OVHyLo2cw23nJqareOH937O8ana72r5mEGUNQLl1yFPa_8,Not Stevie,15,IV,223,226,PLATINUM
9GLYyMOCs4jaUfdaTX6la72PAsx4YGVWPp6hfTTzNvZBnho,TheMajor,25,III,243,294,PLATINUM
Cz_kdBZaug6CHHDuybOQmXuGPmbhfeXTHU8uMO0Z_U8xjzM,Profasho,23,IV,308,308,PLATINUM
tUSk7ttdfwp3HQNKWopkLHBQm2NUzjGNJqg_k2aPuOQl9hAM,ustea,0,IV,47,21,PLATINUM
I5MuaqmPrUjJhtE5gS7gQ5udUqecnqtqHlM0lfgRds1NLXQ,FaZeToAsTeRr,79,I,177,134,PLATINUM
gsQZ4WLkt5VCdWdW29Kqhg2nsH4YDggHaszcKCdwEeSrBP4,l07 02 2017l,75,II,34,37,PLATINUM
kpi4UxnmtHmL6CkHoxu0DLZTELjLOUURp1tBzEfIWcmLwGo,Danny good yes,5,IV,943,948,PLATINUM
FtIxW97uxc0sn5pggra6OOamlhm9Jm1MMBATzTazJ06Q4-M,DamnMoonn,15,IV,56,36,PLATINUM
8pisQyWDtgTr3wCtBmGSoh2w9BQ8wF4QNSYxZNepjt5o2KBo,Kasilisk,0,IV,395,395,PLATINUM
j2kPA6AXpuVSXZegL_PJaog9qEnpoRaUeRPEdH2Rmzl0pRw,Xi Chu Ba Wang,75,I,49,40,PLATINUM
Rvnj0bi6wxUtp9ZLjMLdjf1MKowyAsN6Qqbz8r9K95DSdepL,ciyrr,0,III,90,72,PLATINUM
RnpjxBjwdmuLPc5RbfFP0Dxvp-kDT1Eo4y8H2MP3GHDl9_c,Aceyzz,22,IV,25,35,PLATINUM
3TNRwOUEK2L_fQc7bRZPGoOxnEBE_vBaOUZkImlnBuiv1Bk,RoshenT,13,IV,57,71,PLATINUM
N6gLe1B13qR8inQo-c0OlkQ1-UPh2KwBokwOW35ygc30tE4c,RNG NMLGB,0,IV,285,253,PLATINUM
Pl-qi3QZHD8K6gbpU7C1Bt1v1s0CNhWmArAlR9RZoWbZUxeh,uHcRod,36,IV,41,20,PLATINUM
8Qowvv6WaBorxQOlKMWEeygw7r3HBepeMn8pD1CWF_q21h0,Fewur,30,II,41,21,PLATINUM
qhYCmxFtPIQFDVy-ii8WZKjs2YoQnaYMgEsG7t6JuCwk1RwL,Zalagoth,1,IV,55,56,PLATINUM
0DbG3jW34-N-O9jF3zAmEIijgCBYsmwTbMCrTMynwx1Uh7M,Ronays,37,IV,148,140,PLATINUM
Rzcw9xzv18A_I9mGBzwX8Dx85IbvIR1AYWTP30tweb8tJoE,Wildest Dreams,16,III,219,197,PLATINUM
sL4yzEERa1saDXGkN_q_nQPVG0KGHgtejgF8cMk5plWDX-Rl,lkanotita,0,II,462,451,PLATINUM
GBTVQxqH-stweAxJugkmHXLoeF_-ADCEwb9YXoIigirrEz4,Ctrl Ryan,66,II,123,96,PLATINUM
QZIlaiw0Lr2kKVrbgApsrAlc9LtcIr0Z9xKG7UK2WFnP_9I,Mare644,19,IV,315,294,PLATINUM
tWZCVufmBuXIYB7TVs219AU6y6PCZIjSxVuaq_Ks7yB2VuE,Rcihei,4,III,103,96,PLATINUM
#NAME?,Bike Lane,0,III,76,71,PLATINUM
leQUKcbhkWOhbLB3pTIb-WGSLh2FHAaolhRcfTinJCMlI6E,Bosscoe,0,IV,13,13,PLATINUM
4MVaqCoicLyiAzgeGmrjZ_oktZcYOIZ5dRuYH0CiPfPEiEJS,lAxKxTHiram,75,IV,282,279,PLATINUM
dipHrhBZOXZ1rw0o1eE1kPUWOhl5OVjwpmnsbwOvi0HTgW0,Kawsin,44,III,105,95,PLATINUM
OFMXUjM0wi5KHSVZAu4m3XxKf2LbIUyhaBUkZWNuJM5K5U8,DT UN,0,II,120,102,PLATINUM
UMcXMSaU9PBsxi24L69igc20aRSV5GQDNhfmbfpF8RyCwJo,TEMPERMENTAL,0,IV,13,15,PLATINUM
UNpKBMtWm_ATAfJI2pgI_PZuWyewSf8dp0QCkorepzZYH7Y,The Alpha EGirl,58,III,326,342,PLATINUM
Of8ncdV7JNWIRbC6JoKg0tZsfwIgLkZ6M7JTB42rnOoArlc,NamNeto,0,IV,386,410,PLATINUM
ui-swZUzozVeO2MzcHl6DUV1hTutteEUmlzNYhQnB8TsynE,SQKSQ Delphine,44,I,192,191,PLATINUM
LCy9sPHT2CD2oEqEW9YMDTDSD1V_rxrGvxO0sQXZz6RZZ7YY,Singed Main XD,16,I,45,49,PLATINUM
2Gy7HfztzhX9OSH2bP3hZH60qfJGekDJMKIxiMMdKssThpA,Run From Skaarll,75,I,117,100,PLATINUM
g6o00pdqYU79DUJHEUmYG39nSRdSbHLZcW9VAnLV5aIICTTz,aVoiders,0,III,278,247,PLATINUM
noefRoSQFz03w6Ke4b8hhlIrSO3Z-x-B2MmV6_JyROZRIw4,Tuddlywhips,32,III,134,120,PLATINUM
ffnCeUx7Sx2BztxzlN9_qcGkfg6mKAUBjwFyKa2xZnUI64U,mynameisbot,0,IV,60,45,PLATINUM
NBw-rTderv-JpKyxtGS1Ph14ug-iTnMX24YDZKmsWsITM60,LoLuMaDDDDD,0,IV,348,318,PLATINUM
GeCFABJBT4ahO6F_ejsnEMBNcDtZPlKFtt2WEuX3YKpKKgs,Oppa Tickle Me,55,IV,155,133,PLATINUM
iWpDmvQQKO4RPddfYrpsOWD6x3loqO9E12PvmNJZrc7aA6o,BeepBoopBeepBoop,11,I,90,74,PLATINUM
3CaqPIr6_6l6gv3n6MNEe2Oo0HzfetAla4qap-4znQCndiLg,Ghost Reformed,49,II,119,103,PLATINUM
5jhKF1OD2HCVT_GUkJbzbtqhzB5tILvReI_2Fx3MArFlBfw,WoahBry,90,III,270,249,PLATINUM
BnLRtpLMdaLg48925Xa08c2111AWdOOZ-uLsvDFBpOOY7Hvy,Reemjob,63,IV,105,80,PLATINUM
e9LowVgh_3woQltR9-uYUKL1xKeAfd8l4oPQ0bfBxwU2FsE3,sVWebster,11,II,166,142,PLATINUM
HOG0mENz3g4vlIbT86fywrqhCDomnrXe1ORcf6UVZAmYkydW,Zyath,0,IV,387,380,PLATINUM
7MtYDReFLJLtl9y5Um-i4RSuHrxA0D0LlKC1GfgqQlAC1xo,Thawdarian,12,IV,182,166,PLATINUM
V_g3MwzPvgBRxCRWXyLnXOPIKO2tQLif7xhil6qGdquuo7j-,vNyTKen,13,IV,28,23,PLATINUM
ywaMJn4JItgJPotQDNOpCPHZFpyQQDiUdUDAYWnRWjmWgpRD,Phire,63,IV,48,26,PLATINUM
8OpoudIUudCtS4uIAH-wEEUjtdiq1YjarnuUMyjFul9YakA,It 2 ez that y I,6,IV,40,24,PLATINUM
U1m6PPAZG1a7tVGYRS149YQwe5x1LIEpybznqrJcgTDeq_4,NewFrontier,14,IV,108,105,PLATINUM
YhDfp-YnQzxX7Fg2EJPpxSVIZlmLUPBa4qsPKTsmOuj6IIs,Pi Li Yi Shan,75,I,94,86,PLATINUM
TEYx6gSPWoLSN27CW7cEOWQAc3iTY7cuUum0rON-VwGi1us,Jhinathon Wick,64,III,201,197,PLATINUM
5v5kCEndWEMEfEkmaqVyurYOnMYLEqWFnavHACUsfvVOJzsz,AudreyzYuRcV,50,IV,80,73,PLATINUM
e0b7FrGu7pOFcE9JZLqGCmGl8e2Rw81Wtt94XrhcmNOuu5-r,RegandHjFx,0,II,96,68,PLATINUM
ywG5GBdLKGu_VgdmTYtVtAngtPuNFEI8g9bNCSDBmPw3SQE,Articuno690,55,IV,106,62,PLATINUM
xl6xK3m_qiuWbE_wPqx-4OK1zDbHTCifO_3fjwZ-zhKM1aM,Woojas,28,IV,20,18,PLATINUM
65XccKqHjE-R_RwBFFb74L4joo3PWOlRA7S2nQfFipUhLbY,TheApe4,75,II,582,555,PLATINUM
hbDkRDLXyNYo0c2uxNlGTzwSXSeQXtoouCMFek_0cmiUTsc,Hey Gohan,7,III,493,473,PLATINUM
ampJxqARM-QIH4vyzKlffc3hKmKXVMv2CiiT_xVtjbdwc120,Ceelmysth,53,III,215,188,PLATINUM
aBUmxtpP_Yu7AMFZU6PIBTlFlNxjzC1vIGmjPKwBYNJsaew,ChicagoMartial,7,III,14,14,PLATINUM
VMJUXKPHL8s-caIk2csJ7KXyhmszV22SunGtLg_YxTHJhRc,mau5traap,80,IV,446,425,PLATINUM
lZdOXzHzLM57VjeMGzHUduVouD0O5MU98itBB8EM2FQhVi4,ARealBlackBoy,18,IV,47,54,PLATINUM
XktzXzhfxQw8VF9W7MnjG7b4mMx7IKLvVnNNPPSH0tOcdJk,Deadly Burn,0,IV,69,69,PLATINUM
dJyjAiPA6FTe1w9YwULBk_HVm4xAo-o1r8NlWlzkMSmcVh4,Feng Hua Xue Yue,75,I,20,16,PLATINUM
6BWuSva5yg6VhGwjjgrTywQimV1rNvyxU6bJBd-aO98or7g,Tree Tickler,1,II,54,21,PLATINUM
wRf5WcpUch6oPiR753xSr8Gei7bV9OUtDeRa5zdfGLBZdOA,Top Aatrox,0,IV,230,231,PLATINUM
v_Xinw9bary6L9Tqul3-CrpputxNC_b5fdB9UKL8SXsm_QqR,OnlyyOni,0,IV,46,33,PLATINUM
OxY0_TcJllg5yWYvIF2DC_SgJEry6YoqEfQSrhxEMUEuXBs,diamondsblades,31,IV,172,142,PLATINUM
ovdxoIlSgp82W9rIMnKITXp7CgHAoN9oqxVQ6fjMizJ8RSw,ActuallyAkuma,75,IV,178,155,PLATINUM
pOMaLENZQafBQndfxxx-JGJIVhCCOxm-BJk0yo-EwAfAZmU,Soullight,0,IV,249,246,PLATINUM
l0P9og0l8DtBHiE_-ChRkkHza6-TPfyfQWvaQPecCUp6EfA,Slittings,53,IV,20,9,PLATINUM
IyyXhPajNctGBniO9yUktaa-W87yVhZ4XLkBavp6EpnAxcE,colordéf,0,IV,124,119,PLATINUM
qaYnCI6qOR0hFIJPVGCEXVaZW6epqYT3XmaHtWKbU3eZmyI,Panda Butter,12,IV,130,128,PLATINUM
_SZl7VTW--t8deoesgVFjvB384gYNTPh-x5I1fLfoBLjCto,Topregi,3,III,125,117,PLATINUM
cIu_NwPULD7-6V06RvReABsPhAnuQpGGerlGXo5vElZBoHQ,SliceBurg Gang,64,IV,36,29,PLATINUM
0Pu0ywhhvL8mKwcaUgJZbDkZJ4QZqplWEfNvoV3daNfCD6Y,geomyca,53,IV,192,187,PLATINUM
XLLSLGxglLVXYlHIY3hiyCTjW1r8NR2rtI6xLSfhOXRdQ9o,Capitolium,0,IV,195,184,PLATINUM
qR2jNySJicpXA7GjQ0nLgJKgwWZFVk0-hvU6ipBu-_TPGzQ,Torchíc,0,IV,155,152,PLATINUM
5QnkUaUREgeLByRoZ53TqCiTjRXB7TOroEzBVaUc1W6rFlo,Heroux,27,III,126,104,PLATINUM
#NAME?,Am A Smurf,61,III,94,77,PLATINUM
d4S7Z8_88tJ_5etVcsvBJVUewX0z7lDDHv9aPmKuHG-0qyc,volcom11223100,0,IV,456,443,PLATINUM
zU3HzRODRS9mype6u2QfdTAEY9xeDIp4XqgWVyqFZHLGY5NG,Freddygamer ooo,0,IV,283,240,PLATINUM
zmV1ge-l3Ut5VadVSUyI8mWzAPSN24GxHkb0frZjG3HmGwI,AnimaRO,0,IV,157,151,PLATINUM
fNPwP4WHtfW6BTA3lmVJbZNJhrdOm9CVEEipitoCLsOn-UE,chairmanrao,77,III,417,395,PLATINUM
AI14nMVNhsYpai9Kbr2sYTPuS0Lj6C5sf2oZnK87o2p4Jm0,SpaceCheesehh,0,II,297,278,PLATINUM
mY0QseZcLJu6dYYBaJJ0IblJA6GKeUyK86AilE13ynvFmptI,sftw,0,IV,173,150,PLATINUM
3euYHbZVsuxD2ef5VIyb2Q7xbcbnopZDNZC42-UE-5pCFLo,RMB Player,0,IV,96,82,PLATINUM
t0f4yjnldI7M9pwAOcm0vdZ9rVX2aACDyWdZTuzJk85lqCk,StarCell,38,III,562,543,PLATINUM
JNECdefawgNU8sHpvCMVJ9klwJ4fVU7GZNaw4yEOuSjPyQo,Geisel,54,IV,67,66,PLATINUM
hpRIUHDLH6_WrVuLn-XyZqN89s-NPknVyoPCp7mgohF14X5t,MorganiScJl,14,IV,112,111,PLATINUM
gUxioyegd9WdZsQCqGj9u_oRQRZPh9g1mRoYvSNVj7N2YAM,QAQ W,53,III,170,141,PLATINUM
acCeu4LL1772ow7fMxtUbQCWbOdeoFABGf-DS8S8cAIltiMh,kizuse,0,IV,49,47,PLATINUM
n4RgeMP9aySOf5STPd0u-rsmyOP1KmRpzrxoFz2H6NXM-IE,Tricky JoJo,65,III,24,23,PLATINUM
HG9ts1ZoEJFbd7R4FDyepSBIcfRiwD5AwAMOJxkTJ3HJFexz,cMkVIsidore,75,IV,90,73,PLATINUM
nmkb9GmNhx7XoO7oxWtMYVhSsyTHt12hwGSf0HCfD3qMJqs,Applepieohmy,0,IV,155,150,PLATINUM
gmh8zbuHKJWAtFVYCM1CXzKvZx-4N7dKR-yoPaSZJjeGqDQ,Chaarisma,30,II,72,55,PLATINUM
gmWdiwD6-7ZySLfNAMKUiEtNc1amnVUkGBczxp16B5BO-ZeY,NancyhXy,37,II,61,33,PLATINUM
WU_3ll7GQHeorcSaImKMl5aAoQVy8ZfkuRTHva8Gu60g3Ns,Professor Fast,2,III,537,554,PLATINUM
mwgHXut4Mws3JCJu3U980o-glkkJMcaJ8lDyW_FBV_KriCv5,HyperActiveZ,39,IV,127,106,PLATINUM
5ydi6iiLnF-Q9H-kuBekcbcSsrjeuxfn207r_9vGzJqtTJ5D,MisterBoneBoi,0,IV,171,173,PLATINUM
upBn7rX7kW8GM6mP_5LMD6Wvp1xjG5NGwrmZAGs0yx54Mrw,DXENDE,100,II,95,68,PLATINUM
9Ldv-z9rH530alP6hlO-__SVhm5NkGyEDVRKTfB35_QMcj8,Rimny,75,III,484,483,PLATINUM
y98Gt4FMTytugw9Kfzh4S-gaKL2qOWdBEffcOHENWBN05zc,C2 Feral,69,I,149,128,PLATINUM
AeBkVuj6ZZTE7WJ-tYeF1bbZhVWztJ37ipO86lLAxsZ9dC8,ego killer,0,IV,62,44,PLATINUM
xIFXRRgPhZCvgLUijYwYMYuU3w4n3emUui-dtj0id-sVGQnI,C0CK DESTROYER 1,0,IV,120,104,PLATINUM
YJQJsdxRaRY5HQSRCUkyNOUSCMcivqmfugQwv_bA0XDb_70,Hardstuck N00b,14,IV,51,56,PLATINUM
v89Nt2Xn4opSnFgQ851KpYNZlDYJTDr6yaIquPnNMcc-h9fa,shawmist,0,IV,47,21,PLATINUM
qqhrsjKXLZMHWWSI0DR4DkOU8IFJmJaYU5wX4rxmbCPiFRk,Radicool,75,III,174,187,PLATINUM
leA1Ffz19ey1TNMZCRaj_WbEDDZlUp7734JARQGm7_LSWqw,OMG BANANA1,0,III,137,131,PLATINUM
EkqEnXWxBxx07OmHXdVUMdb-CeMt0G0nSJqfq6g8uz4nToI,Brinkley,21,II,923,869,PLATINUM
b6OKiVekVoUoQswttvNOOrtXOTSbreKtOdzG1IrYLycSy4k,1shrimpy,0,I,40,8,PLATINUM
5mpCXwFLJeUAVM7eWP2kd4K2aEPZOz4pBl5ZoOJtM85Uzdol,Wylie Reformed,0,II,98,84,PLATINUM
q6nzRU9Tkx61vlbTXG4rTNC8UrZ2AakILo7QP8SYURjqMx0,Kaiserds,8,III,556,528,PLATINUM
xx29brjOnYldBtoqIhFi95V9U4Htvim-IehGVrHe3mow8e0,Posidione,49,IV,189,187,PLATINUM
5iOdCSnw8PxZin_FuLP8XgV1XZAK_MvnQAzRAD2VstToEQg,koreaboy,15,IV,116,93,PLATINUM
brYRehuqWIWtdDHfn7c_hRFL6_ZPLySSUAHaxNk-S9NV4yw,YouCanuUpnobb,0,IV,9,13,PLATINUM
tAUW8jbrstZBT_gc1Shk-EEMarCbyghBYRoiIdWretYkYiA,TeRRoRR,0,IV,339,339,PLATINUM
c0d0jW56cqnsKAudePRAlTeGicZQ6Ep0dMxEZzHZR3xyhYKO,CarryNeko,38,IV,139,127,PLATINUM
uKpPpBP_ycF2AFMkrrrNLrY14_VY4N0xXGhx9p8GQiElzUI,BiIIion,11,IV,165,168,PLATINUM
wchT30-lPpk64GtDv51BCAXGWPLrTqnlt7cHJJLG4o3C9IZZ,Ahsuda,18,III,83,58,PLATINUM
lAP-rx7ccvzzeEsKirbFSvH0239HE9QvJeVg6_5l0YOuY7o,Patrixk,0,IV,151,161,PLATINUM
Rid2h30eC-sHDG7S5sytixpKn5wfpupCV5BRjwYJuAcZCAQ,D4vid Sh4rp,0,IV,8,18,PLATINUM
xzdFF0vptdnNzLhpz6zi3c_6UbPqOAkSrE4_foriqzuMN9c,Shadowhand,1,IV,117,107,PLATINUM
OTdNxaf56cZBNYNfzIGCuAxe8IYLaRd3nXTeL6WHFBUu7y8,The Righty Nut,60,IV,348,348,PLATINUM
q5Pjm8A9RXYyS6z6kNKh35HYdEiP5y2-fp8fs2sJljzYzlY,Low EQ Player 7,75,I,55,34,PLATINUM
wnIcGV4ZLlwISCURgya91_PJOOkgARMPyHRk0KuTVy1Ukt9Z,consisténcy,13,IV,92,85,PLATINUM
423Hcf5LnF9EoG0mHPMBaUNcz1xfR6IntCTPjref7lspqyk,ReachPimp Daddy,0,IV,163,110,PLATINUM
hCFrfUe8oV0BEvdgeNHc1SOPaPAXNm3Kz4gJyxGHlVM-48k,llamabeanz13,72,III,173,147,PLATINUM
XMy1C3PKzNeOndE4oYp6c1peM20RBfJaYPmbElSNFwawAPhA,WinniethePooh64,0,IV,203,196,PLATINUM
3iGmE1shP9DgHX7hKonyFrOHEYHKEIYbHcQtVAp-GoIUkHI,Qmart,75,I,194,195,PLATINUM
Lz5MIexmBOBH1qi7i3ykzr7R_hLTChBwPprM1-_rLy-IK_A,Avó,0,IV,164,142,PLATINUM
1QTF0DvTk67WTsmMcNN6kkkg7-Uzk8GOOfVVi9TRxZme6Gc,PwnersomeHamster,89,IV,303,319,PLATINUM
fEx1kncFXZbuki3PSNZEuCU1f4-C0aIss-4Osf7aTbccO80,Hi Im Invoker,0,IV,307,316,PLATINUM
mfS42VJJJclARPSkRaxm8nOTjk23_mFiQkpt62whg2MU-S8,Turducken64,64,III,112,106,PLATINUM
maTD-VtzOeEvhEFZo6WJWlj2qvyb6UMktbhwCdqea7anQ5U3,PegegaCharge,0,IV,79,66,PLATINUM
9nTrfweurV7If4Vo2MpxBRD_hP3DRvQXuI-Mht0WDhCQV0s,Broccoli Boy,59,I,309,318,PLATINUM
ek1nUY__oFQyWGOSqTYUheKX8Q_eJYWRRc6vStWuEWxsSS4,SamKiller1997,1,IV,159,148,PLATINUM
vh2YgawVaSJVQUOGlrra-CaaXFsnQvTVv2ldho8258guiB4,Catfewds,55,III,89,82,PLATINUM
xifXKBJEc6wI5-ltgi5guYfcOowmcVRc72NyDmkYrNqHWCA,MikannChan,0,II,230,204,PLATINUM
5PoCWcKG1mcAgzAXKskNN7uPlcXpxJZxL5wPJgbQ_8GoTAo,User 7,11,IV,278,295,PLATINUM
RXHFhbpftvDkZ0zHXTha0108tgTUxt2XMcRLVNnQ0IAVcsQ,Nutter Butterz,0,IV,352,346,PLATINUM
fuF0lIj0P7HGwpat3dB_FrNNgAQkflwhLTcGWsOZGm3bh_s,Snowmen430,46,IV,266,211,PLATINUM
ug_IxnmU_BI_wgobfef-cDFBspdvuNC_wtOG5v5tzAovd_Dx,EpochHighEloAcct,48,IV,62,40,PLATINUM
pvuDTCLzakqTpamv9Kn1fNOnXF7wW8sR7jMYvDhm933WrdE,ScopesN9NE,23,IV,24,18,PLATINUM
oXAleVIDhRC00-xJlLmSDfF_L7cWv9BfD7lJ5lfBI1S-OhrN,BabyEpochV3,30,IV,75,64,PLATINUM
Yr-lxqtiFjZcoE8_f8hAwExfpv8KdPz3vwDpPX4aLxmJfZI,MSUPRIDE,43,IV,93,79,PLATINUM
aeDgTiWUJqM23ZKnphg8mmjTNf4os3-jMb_CSvxJhTNHL3W-,ceeozyoa,57,III,73,57,PLATINUM
t2aKhyHXP339-E6xvV0YIe-xK8KpG0m9TBbVeWXzCODHj-w,Neryk,98,III,55,39,PLATINUM
zcMkKiu3X9I4Pvr6M9aRbarC1KWEnVSnEH4FliijMO77d3BG,patient adc,13,I,71,46,PLATINUM
-xRB2mcKOvyhmyLRqbfz7DXXYSz-4g2buAg_qmeuRfVHFjY,FourtyFourDegree,18,IV,44,34,PLATINUM
DYv-dPKz-04QE0brDWwlhwFbhhM5CTdg7jFm57V_zQBGIA4,DarthHovater,22,III,59,31,PLATINUM
-03TmJAdhLQHcAUJN_cLUEl9m6rv_zN4Buk8EAPZX9euzG0,Reggy Bidness,51,II,212,179,PLATINUM
BwrKReDcagq1gW4CsYudQahNXHaxHnpwUZAk2ABY3s3lzLk,Crackbag,63,III,174,146,PLATINUM
CIH3cvNZsFsv2v-SRgk9_XM2NrnIJCTHZjWW1TnmYGmsin9Z,SunnyySingh,16,IV,2,8,PLATINUM
ROcaNcXX1SLXXo6W_9b7MQLg5BxMQZ9YhNOJJjodw3YV9MA,PeefRimgar1,0,IV,59,53,PLATINUM
0kBuQWz60E5Y7Xi2QB20si27X_xXNlGvrho2Im-9EZ-cS0Y,Abjik,12,IV,260,249,PLATINUM
59UQdGJG8J6SsT-f1s2gnI8hPR2xp8BhA65czTgYaEfUmfF3,xMbEfVKelly,61,III,65,57,PLATINUM
3oxgY2S5HeGeoTRjrsxOyr-0rjr5aNwvI5xRivhxGNMwiaMt,mnfeplad,65,II,69,39,PLATINUM
638zQ7QGcUQplr2EINw2L2qi0q0s6XneJvmC-b7oWEUFAYM,ScriptingNeko,27,IV,77,70,PLATINUM
9hWbbhzKwHJGS1esFGRWs-1DABUhv_QIFi30wMZGreHtj8TW,ZENlTSU,38,IV,186,168,PLATINUM
2ddqLtZpdxq1VF51XxqB-qIJ6Evit4t6IfvTN0roMMOh_rg,Technoes,12,IV,570,558,PLATINUM
YjsvNMFuZysm2YTwBLOrmyV-WECOQeCO1u6sJSqSUoGIl9c,Arcell,50,IV,281,239,PLATINUM
DDzvMx2cJxqCQkOOfoctCOkjxyq61U7U_1tr-xfLzrUeMFJy,SpontaneousAFKer,0,IV,228,204,PLATINUM
EIbMBSYxZp8ejv8HElR6_cncy-XRt-KIl2SHEvqE8sZ6mto0,TS Venus,75,II,246,201,PLATINUM
DETx7yipJICSI1IUrbdGuaIo_t3jgSX-WGM5AQsrTa_ac4Y,bdaniels777,4,IV,107,110,PLATINUM
nJY8wS1XryDOlXZzQSFZzy0pM6UCISzekQyxn1qJfe1Hi9yN,Jacanidae,29,IV,226,219,PLATINUM
GKDH80LmIPcaCEft0QyJMKIIPxWUX_K_gvWMtvYKrQ2CsiE,Conjured Raven,0,III,94,65,PLATINUM
AcnSknk3XJG6C2RtNpIcMy2oA7idIGZp7tdRng9PF_dmpEk,Presense,9,III,428,399,PLATINUM
jzDlk20Ea0V4sqBZsP7UsHORy5Na2mXDZOWnT79W7iPDh8E,CuerpoEspin,81,IV,126,143,PLATINUM
rLpoZpZM-NWCZjOC7rhJI_mYFc1bz9p44GTGa7NF258Dx1A,no skìll,0,IV,47,19,PLATINUM
87Rcdbw3ZUTHxN9SQD_M_nb6rWP1nLviOvMPrB337uIXuCrr,Feista Bot Lane,0,IV,129,117,PLATINUM
FN9UYMrV14p8MY8p5b14H4yW7IKTLr1WUjMoLwFq-X03u-M,BL1NKZ,0,IV,100,82,PLATINUM
ugWWe1WZbDDQRHlSLhRwX_0-rq_VL-mRbsTIwzX8r2hubPgl,My shoe is gone,29,IV,89,84,PLATINUM
R3XHaOVkYtvN1ZJBJJ5ZaUWiqoysaKs_YF0SARYX1c1rwgA9,coinflip prodigy,0,I,130,99,PLATINUM
A18Y8lMa0Akna4VbNP5_4ckdidQFDZIcTQlmypvdhHsFoLE,DamnSunn,3,IV,127,119,PLATINUM
gMGiTe60desUwNzsPZeV7YlMN5SfTnQd-Mya7UFgKO6OAfQE,2 23 plus tax,0,IV,40,12,PLATINUM
